Date, Open, High, Low, Close
06/19/14,2.588,2.645,2.566,2.619
06/20/14,2.625,2.657,2.607,2.608
06/23/14,2.609,2.628,2.59,2.628
06/24/14,2.626,2.626,2.573,2.579
06/25/14,2.578,2.589,2.531,2.563
06/26/14,2.56,2.569,2.513,2.531
06/27/14,2.529,2.539,2.508,2.536
06/30/14,2.532,2.548,2.513,2.532
07/01/2014,2.531,2.57,2.521,2.567
07/02/2014,2.568,2.629,2.548,2.627
07/03/2014,2.627,2.691,2.615,2.638
07/07/2014,2.66,2.663,2.61,2.614
07/08/2014,2.615,2.624,2.557,2.558
07/09/2014,2.56,2.605,2.542,2.552
07/10/2014,2.557,2.56,2.495,2.536
07/11/2014,2.535,2.549,2.505,2.52
07/14/14,2.522,2.554,2.522,2.549
07/15/14,2.549,2.573,2.518,2.549
07/16/14,2.548,2.565,2.526,2.527
07/17/14,2.526,2.527,2.442,2.45
07/18/14,2.453,2.501,2.446,2.484
07/21/14,2.469,2.493,2.448,2.47
07/22/14,2.471,2.505,2.459,2.463
07/23/14,2.468,2.483,2.447,2.468
07/24/14,2.47,2.519,2.46,2.506
07/25/14,2.506,2.526,2.464,2.468
07/28/14,2.473,2.499,2.465,2.486
07/29/14,2.49,2.499,2.452,2.461
07/30/14,2.458,2.566,2.457,2.558
07/31/14,2.56,2.613,2.542,2.56
08/01/2014,2.564,2.59,2.482,2.495
08/04/2014,2.497,2.512,2.469,2.484
08/05/2014,2.487,2.526,2.472,2.486
08/06/2014,2.487,2.491,2.436,2.473
08/07/2014,2.467,2.481,2.408,2.413
08/08/2014,2.417,2.427,2.347,2.425
08/11/2014,2.43,2.441,2.411,2.43
08/12/2014,2.428,2.454,2.416,2.451
08/13/14,2.457,2.475,2.406,2.421
08/14/14,2.434,2.443,2.385,2.402
08/15/14,2.408,2.414,2.302,2.341
08/18/14,2.357,2.397,2.351,2.394
08/19/14,2.396,2.409,2.361,2.403
08/20/14,2.401,2.445,2.397,2.431
08/21/14,2.436,2.451,2.398,2.407
08/22/14,2.41,2.444,2.383,2.405
08/25/14,2.409,2.415,2.378,2.386
08/26/14,2.385,2.401,2.365,2.398
08/27/14,2.396,2.399,2.355,2.356
08/28/14,2.357,2.36,2.32,2.337
08/29/14,2.341,2.354,2.326,2.345
09/02/2014,2.361,2.425,2.355,2.423
09/03/2014,2.418,2.464,2.394,2.398
09/04/2014,2.402,2.456,2.381,2.451
09/05/2014,2.468,2.472,2.394,2.459
09/08/2014,2.455,2.478,2.42,2.473
09/09/2014,2.474,2.507,2.473,2.505
09/10/2014,2.505,2.544,2.491,2.541
09/11/2014,2.536,2.556,2.507,2.548
09/12/2014,2.548,2.614,2.545,2.611
09/15/14,2.607,2.622,2.581,2.591
09/16/14,2.587,2.598,2.551,2.595
09/17/14,2.592,2.626,2.557,2.622
09/18/14,2.627,2.641,2.596,2.618
09/19/14,2.627,2.655,2.576,2.576
09/22/14,2.573,2.578,2.548,2.567
09/23/14,2.566,2.571,2.524,2.525
09/24/14,2.53,2.57,2.527,2.566
09/25/14,2.567,2.57,2.502,2.503
09/26/14,2.507,2.546,2.491,2.53
09/29/14,2.524,2.542,2.477,2.479
09/30/14,2.484,2.523,2.478,2.492
10/01/2014,2.5,2.508,2.386,2.386
10/02/2014,2.385,2.44,2.384,2.427
10/03/2014,2.432,2.482,2.429,2.436
10/06/2014,2.44,2.45,2.405,2.422
10/07/2014,2.421,2.431,2.336,2.34
10/08/2014,2.348,2.385,2.309,2.323
10/09/2014,2.329,2.339,2.282,2.315
10/10/2014,2.314,2.348,2.282,2.283
10/14/14,2.236,2.261,2.184,2.196
10/15/14,2.206,2.228,1.912,2.14
10/16/14,2.14,2.179,1.979,2.161
10/17/14,2.156,2.249,2.12,2.197
10/20/14,2.216,2.227,2.158,2.192
10/21/14,2.188,2.228,2.135,2.22
10/22/14,2.215,2.248,2.18,2.218
10/23/14,2.217,2.297,2.202,2.273
10/24/14,2.276,2.276,2.23,2.272
10/27/14,2.285,2.296,2.241,2.263
10/28/14,2.26,2.3,2.248,2.296
10/29/14,2.297,2.361,2.276,2.316
10/30/14,2.311,2.334,2.279,2.307
10/31/14,2.306,2.357,2.294,2.337
11/03/2014,2.305,2.381,2.302,2.345
11/04/2014,2.344,2.348,2.305,2.336
11/05/2014,2.331,2.372,2.327,2.345
11/06/2014,2.344,2.39,2.328,2.388
11/07/2014,2.385,2.398,2.3,2.3
11/10/2014,2.309,2.365,2.273,2.363
11/12/2014,2.375,2.375,2.319,2.373
11/13/14,2.376,2.386,2.337,2.342
11/14/14,2.343,2.377,2.313,2.32
11/17/14,2.297,2.347,2.281,2.343
11/18/14,2.334,2.344,2.312,2.317
11/19/14,2.313,2.362,2.313,2.361
11/20/14,2.359,2.36,2.303,2.34
11/21/14,2.339,2.358,2.309,2.311
11/24/14,2.314,2.337,2.297,2.309
11/25/14,2.302,2.312,2.255,2.259
11/26/14,2.296,2.296,2.23,2.246
11/28/14,2.253,2.253,2.168,2.168
12/01/2014,2.176,2.241,2.152,2.238
12/02/2014,2.232,2.296,2.225,2.294
12/03/2014,2.286,2.306,2.28,2.28
12/04/2014,2.279,2.293,2.236,2.236
12/05/2014,2.244,2.331,2.244,2.307
12/08/2014,2.321,2.346,2.243,2.259
12/09/2014,2.263,2.272,2.192,2.213
12/10/2014,2.222,2.231,2.155,2.164
12/11/2014,2.167,2.213,2.142,2.162
12/12/2014,2.173,2.174,2.075,2.083
12/15/14,2.084,2.136,2.082,2.12
12/16/14,2.117,2.118,2.012,2.061
12/17/14,2.062,2.153,2.047,2.139
12/18/14,2.144,2.224,2.112,2.211
12/19/14,2.209,2.233,2.159,2.165
12/22/14,2.161,2.188,2.148,2.16
12/23/14,2.163,2.271,2.153,2.263
12/24/14,2.258,2.299,2.239,2.265
12/26/14,2.265,2.265,2.24,2.253
12/29/14,2.247,2.255,2.198,2.202
12/30/14,2.2,2.208,2.168,2.19
12/31/14,2.192,2.193,2.163,2.171
01/02/2015,2.208,2.21,2.105,2.111
01/05/2015,2.1,2.135,2.033,2.034
01/06/2015,2.035,2.035,1.892,1.944
01/07/2015,1.946,2.007,1.926,1.971
01/08/2015,1.982,2.028,1.97,2.02
01/09/2015,2.016,2.025,1.945,1.95
01/12/2015,1.947,1.978,1.904,1.909
01/13/15,1.903,1.942,1.864,1.902
01/14/15,1.901,1.904,1.788,1.857
01/15/15,1.859,1.902,1.708,1.718
01/16/15,1.722,1.84,1.704,1.84
01/20/15,1.84,1.84,1.76,1.793
01/21/15,1.801,1.875,1.777,1.874
01/22/15,1.869,1.944,1.816,1.865
01/23/15,1.868,1.87,1.783,1.794
01/26/15,1.769,1.839,1.753,1.827
01/27/15,1.825,1.833,1.754,1.825
01/28/15,1.823,1.831,1.706,1.721
01/29/15,1.729,1.781,1.713,1.753
01/30/15,1.751,1.755,1.639,1.644
02/02/2015,1.648,1.71,1.647,1.668
02/03/2015,1.671,1.799,1.663,1.793
02/04/2015,1.788,1.835,1.739,1.751
02/05/2015,1.736,1.83,1.722,1.822
02/06/2015,1.817,1.966,1.797,1.957
02/09/2015,1.932,1.981,1.886,1.981
02/10/2015,1.966,2.012,1.958,1.998
02/11/2015,1.979,2.026,1.973,2.02
02/12/2015,1.995,2.049,1.96,1.986
02/13/15,1.985,2.056,1.974,2.055
02/17/15,2.054,2.15,1.999,2.141
02/18/15,2.128,2.16,2.046,2.08
02/19/15,2.076,2.122,2.05,2.117
02/20/15,2.122,2.138,2.048,2.116
02/23/15,2.103,2.138,2.053,2.059
02/24/15,2.069,2.108,1.972,1.981
02/25/15,1.99,2,1.957,1.969
02/26/15,1.968,2.04,1.933,2.028
02/27/15,2.03,2.052,1.992,1.995
03/02/2015,2.004,2.095,1.991,2.086
03/03/2015,2.081,2.128,2.071,2.119
03/04/2015,2.119,2.139,2.094,2.119
03/05/2015,2.111,2.144,2.097,2.117
03/06/2015,2.123,2.262,2.086,2.245
03/09/2015,2.239,2.241,2.187,2.193
03/10/2015,2.198,2.21,2.116,2.131
03/11/2015,2.126,2.159,2.1,2.11
03/12/2015,2.105,2.12,2.04,2.119
03/13/15,2.116,2.147,2.087,2.117
03/16/15,2.106,2.107,2.067,2.074
03/17/15,2.079,2.082,2.04,2.051
03/18/15,2.055,2.056,1.909,1.925
03/19/15,1.92,1.986,1.898,1.97
03/20/15,1.966,1.975,1.921,1.932
03/23/15,1.929,1.937,1.903,1.911
03/24/15,1.914,1.926,1.865,1.875
03/25/15,1.876,1.931,1.857,1.93
03/26/15,1.928,2.01,1.897,1.993
03/27/15,1.997,2.003,1.948,1.963
03/30/15,1.958,1.979,1.939,1.948
03/31/15,1.953,1.966,1.923,1.925
04/01/2015,1.932,1.947,1.854,1.858
04/02/2015,1.861,1.917,1.832,1.914
04/03/2015,1.911,1.912,1.8,1.843
04/06/2015,1.833,1.912,1.825,1.897
04/07/2015,1.896,1.925,1.88,1.888
04/08/2015,1.892,1.927,1.87,1.906
04/09/2015,1.901,1.966,1.878,1.963
04/10/2015,1.967,1.969,1.918,1.948
04/13/15,1.951,1.982,1.925,1.932
04/14/15,1.928,1.93,1.854,1.899
04/15/15,1.895,1.915,1.874,1.889
04/16/15,1.893,1.925,1.869,1.891
04/17/15,1.892,1.909,1.845,1.864
04/20/15,1.87,1.903,1.854,1.891
04/21/15,1.888,1.919,1.865,1.911
04/22/15,1.909,1.989,1.89,1.981
04/23/15,1.982,1.987,1.935,1.958
04/24/15,1.957,1.971,1.908,1.909
04/27/15,1.915,1.947,1.895,1.923
04/28/15,1.921,2.006,1.915,2.005
04/29/15,2.01,2.074,1.984,2.042
04/30/15,2.046,2.107,2.018,2.034
05/01/2015,2.051,2.124,2.046,2.117
05/04/2015,2.134,2.146,2.087,2.146
05/05/2015,2.142,2.202,2.116,2.189
05/06/2015,2.19,2.254,2.181,2.244
05/07/2015,2.242,2.306,2.167,2.184
05/08/2015,2.176,2.197,2.107,2.127
05/11/2015,2.143,2.291,2.129,2.284
05/12/2015,2.281,2.359,2.235,2.253
05/13/15,2.257,2.296,2.189,2.294
05/14/15,2.277,2.291,2.222,2.232
05/15/15,2.224,2.234,2.132,2.146
05/18/15,2.152,2.241,2.14,2.237
05/19/15,2.233,2.299,2.183,2.292
05/20/15,2.282,2.283,2.232,2.25
05/21/15,2.249,2.254,2.184,2.192
05/22/15,2.193,2.241,2.166,2.211
05/26/15,2.201,2.215,2.132,2.142
05/27/15,2.145,2.176,2.127,2.13
05/28/15,2.135,2.151,2.118,2.137
05/29/15,2.135,2.141,2.088,2.127
06/01/2015,2.121,2.197,2.113,2.181
06/02/2015,2.185,2.279,2.175,2.264
06/03/2015,2.262,2.384,2.252,2.366
06/04/2015,2.361,2.425,2.292,2.309
06/05/2015,2.314,2.437,2.312,2.411
06/08/2015,2.414,2.415,2.365,2.382
06/09/2015,2.388,2.446,2.357,2.44
06/10/2015,2.437,2.495,2.432,2.484
06/11/2015,2.472,2.503,2.377,2.377
06/12/2015,2.383,2.406,2.336,2.397
06/15/15,2.349,2.375,2.312,2.358
06/16/15,2.357,2.359,2.308,2.311
06/17/15,2.313,2.39,2.301,2.318
06/18/15,2.301,2.381,2.262,2.337
06/19/15,2.326,2.326,2.258,2.26
06/22/15,2.285,2.38,2.279,2.376
06/23/15,2.372,2.427,2.363,2.409
06/24/15,2.399,2.413,2.365,2.367
06/25/15,2.366,2.423,2.364,2.411
06/26/15,2.406,2.487,2.394,2.475
06/29/15,2.311,2.406,2.295,2.326
06/30/15,2.328,2.378,2.311,2.359
07/01/2015,2.37,2.443,2.352,2.424
07/02/2015,2.429,2.459,2.361,2.383
07/06/2015,2.277,2.345,2.274,2.287
07/07/2015,2.292,2.311,2.189,2.259
07/08/2015,2.258,2.26,2.175,2.195
07/09/2015,2.2,2.328,2.184,2.32
07/10/2015,2.354,2.422,2.335,2.399
07/13/15,2.387,2.473,2.376,2.454
07/14/15,2.445,2.449,2.389,2.401
07/15/15,2.39,2.43,2.342,2.353
07/16/15,2.358,2.397,2.339,2.352
07/17/15,2.357,2.376,2.335,2.348
07/20/15,2.344,2.392,2.344,2.377
07/21/15,2.373,2.402,2.326,2.329
07/22/15,2.33,2.345,2.301,2.322
07/23/15,2.327,2.342,2.266,2.269
07/24/15,2.271,2.284,2.254,2.264
07/27/15,2.261,2.266,2.209,2.218
07/28/15,2.221,2.266,2.218,2.251
07/29/15,2.259,2.298,2.248,2.287
07/30/15,2.288,2.321,2.255,2.257
07/31/15,2.267,2.285,2.181,2.184
08/03/2015,2.19,2.211,2.138,2.15
08/04/2015,2.146,2.23,2.145,2.225
08/05/2015,2.228,2.293,2.222,2.271
08/06/2015,2.271,2.28,2.219,2.223
08/07/2015,2.225,2.254,2.163,2.166
08/10/2015,2.174,2.243,2.174,2.231
08/11/2015,2.23,2.234,2.114,2.143
08/12/2015,2.153,2.158,2.047,2.15
08/13/15,2.139,2.196,2.123,2.185
08/14/15,2.183,2.217,2.165,2.2
08/17/15,2.192,2.2,2.144,2.172
08/18/15,2.167,2.204,2.14,2.194
08/19/15,2.193,2.23,2.113,2.127
08/20/15,2.132,2.135,2.068,2.07
08/21/15,2.075,2.092,2.03,2.041
08/24/15,2.034,2.044,1.978,2.006
08/25/15,2.014,2.14,2.005,2.073
08/26/15,2.057,2.192,2.056,2.177
08/27/15,2.169,2.21,2.136,2.185
08/28/15,2.151,2.197,2.128,2.182
08/31/15,2.189,2.22,2.134,2.217
09/01/2015,2.219,2.219,2.15,2.156
09/02/2015,2.16,2.196,2.144,2.185
09/03/2015,2.181,2.196,2.152,2.16
09/04/2015,2.166,2.169,2.112,2.129
09/08/2015,2.148,2.199,2.125,2.184
09/09/2015,2.187,2.253,2.174,2.201
09/10/2015,2.184,2.236,2.175,2.224
09/11/2015,2.222,2.228,2.172,2.191
09/14/15,2.197,2.204,2.162,2.185
09/15/15,2.182,2.291,2.164,2.287
09/16/15,2.282,2.305,2.258,2.297
09/17/15,2.292,2.3,2.187,2.189
09/18/15,2.193,2.198,2.12,2.135
09/21/15,2.128,2.218,2.128,2.203
09/22/15,2.208,2.208,2.115,2.136
09/23/15,2.14,2.171,2.117,2.153
09/24/15,2.146,2.157,2.083,2.128
09/25/15,2.128,2.197,2.125,2.164
09/28/15,2.157,2.169,2.091,2.094
09/29/15,2.093,2.119,2.043,2.053
09/30/15,2.062,2.106,2.036,2.04
10/01/2015,2.041,2.072,2.011,2.039
10/02/2015,2.047,2.066,1.907,1.994
10/05/2015,1.99,2.062,1.977,2.059
10/06/2015,2.049,2.078,2.03,2.033
10/07/2015,2.038,2.087,2.033,2.064
10/08/2015,2.069,2.119,2.036,2.107
10/09/2015,2.097,2.137,2.079,2.089
10/13/15,2.072,2.079,2.037,2.042
10/14/15,2.046,2.05,1.974,1.975
10/15/15,1.976,2.034,1.975,2.017
10/16/15,2.027,2.039,2.001,2.034
10/19/15,2.022,2.057,2.012,2.019
10/20/15,2.024,2.082,2.013,2.067
10/21/15,2.059,2.069,2.016,2.026
10/22/15,2.02,2.051,2.003,2.028
10/23/15,2.037,2.097,2.022,2.088
10/26/15,2.077,2.09,2.051,2.057
10/27/15,2.055,2.059,2.008,2.04
10/28/15,2.039,2.107,2.03,2.1
10/29/15,2.099,2.182,2.08,2.174
10/30/15,2.173,2.184,2.139,2.145
11/02/2015,2.135,2.191,2.129,2.171
11/03/2015,2.176,2.225,2.168,2.213
11/04/2015,2.203,2.241,2.196,2.225
11/05/2015,2.228,2.261,2.22,2.232
11/06/2015,2.236,2.347,2.222,2.324
11/09/2015,2.331,2.375,2.325,2.347
11/10/2015,2.344,2.351,2.307,2.343
11/12/2015,2.317,2.342,2.301,2.313
11/13/15,2.316,2.321,2.268,2.268
11/16/15,2.242,2.276,2.238,2.268
11/17/15,2.273,2.312,2.248,2.264
11/18/15,2.276,2.297,2.255,2.272
11/19/15,2.27,2.276,2.23,2.248
11/20/15,2.253,2.268,2.229,2.264
11/23/15,2.276,2.299,2.237,2.239
11/24/15,2.244,2.252,2.205,2.239
11/25/15,2.243,2.253,2.22,2.238
11/27/15,2.226,2.231,2.2,2.223
11/30/15,2.217,2.248,2.204,2.207
12/01/2015,2.217,2.239,2.143,2.143
12/02/2015,2.162,2.204,2.154,2.18
12/03/2015,2.182,2.347,2.176,2.318
12/04/2015,2.296,2.354,2.259,2.274
12/07/2015,2.283,2.292,2.206,2.231
12/08/2015,2.234,2.244,2.198,2.221
12/09/2015,2.228,2.27,2.198,2.214
12/10/2015,2.225,2.24,2.206,2.233
12/11/2015,2.237,2.24,2.119,2.124
12/14/15,2.151,2.231,2.14,2.223
12/15/15,2.214,2.289,2.205,2.268
12/16/15,2.263,2.332,2.251,2.3
12/17/15,2.281,2.282,2.222,2.224
12/18/15,2.229,2.229,2.179,2.21
12/21/15,2.207,2.226,2.172,2.191
12/22/15,2.194,2.241,2.185,2.237
12/23/15,2.235,2.278,2.233,2.257
12/24/15,2.258,2.264,2.237,2.242
12/28/15,2.256,2.26,2.211,2.237
12/29/15,2.226,2.318,2.221,2.307
12/30/15,2.297,2.324,2.284,2.296
12/31/15,2.294,2.305,2.266,2.269
01/04/2016,2.293,2.295,2.2,2.245
01/05/2016,2.243,2.264,2.224,2.24
01/06/2016,2.236,2.244,2.168,2.169
01/07/2016,2.182,2.198,2.119,2.147
01/08/2016,2.158,2.202,2.109,2.116
01/11/2016,2.119,2.177,2.117,2.177
01/12/2016,2.171,2.202,2.081,2.102
01/13/16,2.124,2.15,2.043,2.095
01/14/16,2.069,2.121,2.046,2.091
01/15/16,2.095,2.1,1.99,2.038
01/19/16,2.052,2.086,2.021,2.057
01/20/16,2.047,2.049,1.939,1.981
01/21/16,2.002,2.036,1.956,2.032
01/22/16,2.034,2.087,2.014,2.055
01/25/16,2.05,2.066,2.005,2.005
01/26/16,1.998,2.026,1.964,1.996
01/27/16,1.987,2.054,1.978,2.003
01/28/16,2.005,2.034,1.976,1.977
01/29/16,1.981,1.992,1.909,1.923
02/01/2016,1.92,1.968,1.908,1.95
02/02/2016,1.948,1.952,1.847,1.852
02/03/2016,1.853,1.893,1.795,1.888
02/04/2016,1.883,1.909,1.84,1.842
02/05/2016,1.841,1.896,1.826,1.834
02/08/2016,1.86,1.868,1.734,1.749
02/09/2016,1.736,1.765,1.684,1.727
02/10/2016,1.73,1.773,1.666,1.671
02/11/2016,1.633,1.667,1.535,1.661
02/12/2016,1.668,1.759,1.661,1.748
02/16/16,1.778,1.801,1.75,1.776
02/17/16,1.784,1.845,1.737,1.823
02/18/16,1.811,1.827,1.734,1.741
02/19/16,1.741,1.78,1.719,1.749
02/22/16,1.758,1.786,1.748,1.755
02/23/16,1.754,1.812,1.713,1.724
02/24/16,1.719,1.755,1.646,1.748
02/25/16,1.753,1.754,1.679,1.723
02/26/16,1.725,1.783,1.718,1.764
02/29/16,1.76,1.765,1.727,1.736
03/01/2016,1.736,1.837,1.7,1.826
03/02/2016,1.821,1.871,1.816,1.841
03/03/2016,1.838,1.866,1.815,1.835
03/04/2016,1.833,1.903,1.82,1.877
03/07/2016,1.883,1.92,1.878,1.908
03/08/2016,1.906,1.906,1.804,1.825
03/09/2016,1.825,1.901,1.824,1.879
03/10/2016,1.88,1.952,1.857,1.934
03/11/2016,1.927,1.985,1.917,1.984
03/14/16,1.977,1.988,1.942,1.961
03/15/16,1.96,1.974,1.916,1.971
03/16/16,1.972,1.999,1.907,1.907
03/17/16,1.911,1.916,1.856,1.898
03/18/16,1.899,1.903,1.865,1.878
03/21/16,1.879,1.925,1.87,1.917
03/22/16,1.919,1.948,1.884,1.944
03/23/16,1.942,1.955,1.873,1.878
03/24/16,1.879,1.903,1.852,1.9
03/28/16,1.905,1.917,1.862,1.886
03/29/16,1.881,1.898,1.798,1.805
03/30/16,1.808,1.862,1.803,1.826
03/31/16,1.815,1.833,1.767,1.77
04/01/2016,1.778,1.808,1.762,1.772
04/04/2016,1.767,1.789,1.751,1.762
04/05/2016,1.763,1.765,1.715,1.724
04/06/2016,1.728,1.772,1.728,1.757
04/07/2016,1.758,1.769,1.684,1.688
04/08/2016,1.699,1.733,1.698,1.719
04/11/2016,1.726,1.755,1.695,1.728
04/12/2016,1.73,1.784,1.725,1.776
04/13/16,1.782,1.802,1.757,1.764
04/14/16,1.777,1.804,1.752,1.794
04/15/16,1.789,1.801,1.741,1.754
04/18/16,1.724,1.786,1.721,1.772
04/19/16,1.782,1.805,1.77,1.786
04/20/16,1.781,1.856,1.755,1.848
04/21/16,1.843,1.887,1.832,1.865
04/22/16,1.861,1.897,1.851,1.889
04/25/16,1.893,1.917,1.864,1.917
04/26/16,1.908,1.942,1.892,1.932
04/27/16,1.927,1.929,1.851,1.854
04/28/16,1.849,1.87,1.816,1.823
04/29/16,1.834,1.866,1.817,1.834
05/02/2016,1.831,1.877,1.811,1.874
05/03/2016,1.877,1.878,1.783,1.8
05/04/2016,1.801,1.815,1.772,1.776
05/05/2016,1.78,1.811,1.737,1.744
05/06/2016,1.754,1.785,1.706,1.776
05/09/2016,1.787,1.789,1.745,1.745
05/10/2016,1.752,1.779,1.743,1.764
05/11/2016,1.765,1.768,1.718,1.728
05/12/2016,1.719,1.764,1.719,1.75
05/13/16,1.751,1.752,1.7,1.7
05/16/16,1.694,1.758,1.694,1.758
05/17/16,1.752,1.772,1.738,1.771
05/18/16,1.772,1.883,1.763,1.855
05/19/16,1.85,1.88,1.829,1.85
05/20/16,1.848,1.866,1.836,1.843
05/23/16,1.84,1.856,1.819,1.836
05/24/16,1.839,1.879,1.824,1.864
05/25/16,1.862,1.879,1.848,1.87
05/26/16,1.865,1.87,1.816,1.83
05/27/16,1.837,1.855,1.822,1.851
05/31/16,1.86,1.891,1.828,1.848
06/01/2016,1.848,1.857,1.807,1.837
06/02/2016,1.838,1.843,1.795,1.8
06/03/2016,1.808,1.814,1.698,1.698
06/06/2016,1.704,1.742,1.703,1.738
06/07/2016,1.732,1.748,1.702,1.718
06/08/2016,1.715,1.725,1.696,1.702
06/09/2016,1.706,1.71,1.659,1.687
06/10/2016,1.683,1.685,1.624,1.642
06/13/16,1.625,1.641,1.604,1.611
06/14/16,1.612,1.626,1.572,1.615
06/15/16,1.617,1.639,1.571,1.574
06/16/16,1.573,1.58,1.518,1.578
06/17/16,1.577,1.621,1.577,1.611
06/20/16,1.657,1.69,1.643,1.69
06/21/16,1.677,1.713,1.659,1.71
06/22/16,1.701,1.71,1.677,1.687
06/23/16,1.698,1.752,1.695,1.745
06/24/16,1.682,1.701,1.418,1.559
06/27/16,1.506,1.527,1.434,1.434
06/28/16,1.439,1.483,1.426,1.466
06/29/16,1.464,1.523,1.454,1.518
06/30/16,1.512,1.545,1.452,1.473
07/01/2016,1.47,1.473,1.388,1.443
07/05/2016,1.443,1.443,1.357,1.377
07/06/2016,1.368,1.393,1.323,1.371
07/07/2016,1.37,1.423,1.356,1.388
07/08/2016,1.391,1.428,1.35,1.361
07/11/2016,1.362,1.437,1.357,1.434
07/12/2016,1.431,1.531,1.42,1.511
07/13/16,1.506,1.512,1.457,1.474
07/14/16,1.469,1.551,1.459,1.538
07/15/16,1.524,1.603,1.516,1.547
07/18/16,1.58,1.604,1.558,1.585
07/19/16,1.569,1.573,1.542,1.554
07/20/16,1.559,1.597,1.545,1.585
07/21/16,1.582,1.622,1.553,1.558
07/22/16,1.548,1.598,1.537,1.566
07/25/16,1.574,1.595,1.551,1.576
07/26/16,1.573,1.587,1.541,1.568
07/27/16,1.563,1.591,1.5,1.5
07/28/16,1.503,1.536,1.49,1.509
07/29/16,1.502,1.56,1.448,1.452
08/01/2016,1.46,1.527,1.46,1.526
08/02/2016,1.52,1.572,1.51,1.555
08/03/2016,1.561,1.57,1.529,1.546
08/04/2016,1.542,1.558,1.485,1.503
08/05/2016,1.502,1.594,1.49,1.59
08/08/2016,1.596,1.614,1.574,1.593
08/09/2016,1.589,1.597,1.537,1.551
08/10/2016,1.542,1.549,1.5,1.506
08/11/2016,1.503,1.577,1.502,1.56
08/12/2016,1.563,1.565,1.478,1.512
08/15/16,1.51,1.561,1.498,1.558
08/16/16,1.556,1.588,1.514,1.575
08/17/16,1.566,1.589,1.535,1.552
08/18/16,1.536,1.564,1.524,1.536
08/19/16,1.549,1.594,1.536,1.581
08/22/16,1.597,1.602,1.536,1.542
08/23/16,1.552,1.571,1.526,1.548
08/24/16,1.555,1.57,1.542,1.562
08/25/16,1.566,1.582,1.552,1.577
08/26/16,1.572,1.636,1.527,1.633
08/29/16,1.625,1.633,1.56,1.562
08/30/16,1.571,1.595,1.559,1.568
08/31/16,1.569,1.587,1.553,1.582
09/01/2016,1.583,1.619,1.556,1.568
09/02/2016,1.571,1.622,1.547,1.606
09/06/2016,1.607,1.62,1.532,1.536
09/07/2016,1.541,1.549,1.516,1.541
09/08/2016,1.539,1.619,1.527,1.597
09/09/2016,1.608,1.684,1.592,1.674
09/12/2016,1.672,1.697,1.659,1.664
09/13/16,1.664,1.748,1.635,1.729
09/14/16,1.724,1.743,1.674,1.699
09/15/16,1.697,1.732,1.663,1.692
09/16/16,1.691,1.705,1.658,1.692
09/19/16,1.693,1.715,1.68,1.71
09/20/16,1.707,1.71,1.667,1.69
09/21/16,1.689,1.732,1.653,1.653
09/22/16,1.655,1.657,1.606,1.622
09/23/16,1.623,1.634,1.605,1.618
09/26/16,1.612,1.619,1.574,1.582
09/27/16,1.588,1.607,1.547,1.559
09/28/16,1.559,1.584,1.54,1.572
09/29/16,1.587,1.6,1.542,1.556
09/30/16,1.56,1.613,1.534,1.597
10/03/2016,1.602,1.627,1.593,1.626
10/04/2016,1.631,1.693,1.612,1.687
10/05/2016,1.687,1.729,1.669,1.704
10/06/2016,1.708,1.745,1.694,1.739
10/07/2016,1.73,1.773,1.72,1.722
10/11/2016,1.767,1.782,1.747,1.766
10/12/2016,1.766,1.801,1.764,1.773
10/13/16,1.768,1.769,1.725,1.745
10/14/16,1.75,1.804,1.747,1.801
10/17/16,1.793,1.814,1.752,1.768
10/18/16,1.775,1.786,1.736,1.737
10/19/16,1.741,1.769,1.729,1.745
10/20/16,1.751,1.765,1.724,1.758
10/21/16,1.76,1.76,1.731,1.738
10/24/16,1.739,1.774,1.724,1.767
10/25/16,1.766,1.785,1.741,1.76
10/26/16,1.755,1.796,1.74,1.793
10/27/16,1.797,1.87,1.791,1.853
10/28/16,1.855,1.876,1.831,1.849
10/31/16,1.843,1.852,1.824,1.826
11/01/2016,1.835,1.883,1.817,1.828
11/02/2016,1.827,1.83,1.775,1.804
11/03/2016,1.806,1.829,1.783,1.814
11/04/2016,1.804,1.823,1.768,1.776
11/07/2016,1.821,1.835,1.807,1.828
11/08/2016,1.824,1.875,1.808,1.857
11/09/2016,1.862,2.083,1.716,2.063
11/10/2016,2.019,2.154,1.991,2.152
11/14/16,2.196,2.313,2.179,2.263
11/15/16,2.228,2.245,2.18,2.221
11/16/16,2.223,2.302,2.199,2.223
11/17/16,2.208,2.308,2.186,2.304
11/18/16,2.298,2.366,2.271,2.357
11/21/16,2.35,2.358,2.303,2.315
11/22/16,2.302,2.335,2.284,2.313
11/23/16,2.317,2.417,2.295,2.353
11/25/16,2.384,2.414,2.35,2.359
11/28/16,2.337,2.346,2.308,2.314
11/29/16,2.31,2.35,2.289,2.291
11/30/16,2.293,2.404,2.291,2.387
12/01/2016,2.385,2.491,2.379,2.45
12/02/2016,2.438,2.447,2.374,2.387
12/05/2016,2.359,2.448,2.338,2.399
12/06/2016,2.395,2.401,2.374,2.39
12/07/2016,2.394,2.401,2.34,2.341
12/08/2016,2.346,2.422,2.337,2.409
12/09/2016,2.415,2.476,2.398,2.466
12/12/2016,2.494,2.526,2.469,2.472
12/13/16,2.463,2.495,2.435,2.473
12/14/16,2.468,2.582,2.422,2.575
12/15/16,2.567,2.641,2.564,2.603
12/16/16,2.602,2.619,2.552,2.591
12/19/16,2.58,2.594,2.529,2.542
12/20/16,2.542,2.591,2.538,2.56
12/21/16,2.569,2.576,2.535,2.539
12/22/16,2.536,2.576,2.528,2.553
12/23/16,2.551,2.559,2.526,2.541
12/27/16,2.55,2.577,2.546,2.562
12/28/16,2.561,2.564,2.504,2.51
12/29/16,2.506,2.508,2.461,2.476
12/30/16,2.478,2.488,2.433,2.445
01/01/2017,2.445,2.445,2.445,2.476
01/03/2017,2.445,2.516,2.435,2.448
01/04/2017,2.453,2.477,2.43,2.441
01/05/2017,2.436,2.451,2.344,2.349
01/06/2017,2.357,2.425,2.335,2.42
01/09/2017,2.419,2.43,2.367,2.368
01/10/2017,2.367,2.392,2.36,2.378
01/11/2017,2.381,2.396,2.326,2.377
01/12/2017,2.358,2.364,2.307,2.36
01/13/17,2.365,2.429,2.331,2.397
01/15/17,2.397,2.397,2.397,2.36
01/17/17,2.37,2.375,2.308,2.322
01/18/17,2.336,2.43,2.331,2.428
01/19/17,2.422,2.493,2.413,2.473
01/20/17,2.468,2.511,2.451,2.468
01/23/17,2.443,2.473,2.379,2.401
01/24/17,2.409,2.472,2.385,2.465
01/25/17,2.462,2.534,2.443,2.515
01/26/17,2.506,2.556,2.5,2.504
01/27/17,2.512,2.528,2.477,2.484
01/30/17,2.477,2.499,2.462,2.488
01/31/17,2.483,2.502,2.431,2.458
02/01/2017,2.464,2.515,2.461,2.472
02/02/2017,2.479,2.483,2.432,2.475
02/03/2017,2.482,2.498,2.428,2.47
02/06/2017,2.465,2.468,2.406,2.413
02/07/2017,2.406,2.442,2.369,2.395
02/08/2017,2.399,2.401,2.326,2.339
02/09/2017,2.333,2.403,2.326,2.395
02/10/2017,2.401,2.429,2.398,2.409
02/13/17,2.427,2.45,2.417,2.433
02/14/17,2.438,2.502,2.429,2.469
02/15/17,2.479,2.52,2.467,2.493
02/16/17,2.49,2.492,2.438,2.448
02/17/17,2.454,2.463,2.4,2.418
02/21/17,2.439,2.461,2.414,2.431
02/22/17,2.439,2.454,2.392,2.417
02/23/17,2.419,2.422,2.372,2.376
02/24/17,2.379,2.384,2.311,2.314
02/27/17,2.322,2.371,2.318,2.365
02/28/17,2.361,2.401,2.334,2.394
03/01/2017,2.419,2.468,2.398,2.457
03/02/2017,2.467,2.504,2.452,2.478
03/03/2017,2.484,2.519,2.471,2.48
03/06/2017,2.476,2.509,2.461,2.5
03/07/2017,2.493,2.521,2.492,2.518
03/08/2017,2.522,2.581,2.507,2.562
03/09/2017,2.567,2.61,2.557,2.609
03/10/2017,2.613,2.623,2.571,2.577
03/13/17,2.588,2.628,2.559,2.626
03/14/17,2.624,2.632,2.589,2.602
03/15/17,2.601,2.603,2.49,2.495
03/16/17,2.496,2.54,2.488,2.54
03/17/17,2.542,2.546,2.488,2.502
03/20/17,2.496,2.516,2.461,2.461
03/21/17,2.463,2.499,2.411,2.418
03/22/17,2.415,2.425,2.375,2.408
03/23/17,2.407,2.436,2.387,2.422
03/24/17,2.421,2.44,2.394,2.413
03/27/17,2.38,2.382,2.349,2.377
03/28/17,2.381,2.422,2.357,2.42
03/29/17,2.424,2.43,2.377,2.378
03/30/17,2.386,2.424,2.375,2.421
03/31/17,2.416,2.435,2.384,2.386
04/03/2017,2.397,2.406,2.321,2.323
04/04/2017,2.328,2.364,2.314,2.363
04/05/2017,2.362,2.383,2.326,2.337
04/06/2017,2.338,2.369,2.327,2.341
04/07/2017,2.349,2.386,2.272,2.382
04/10/2017,2.386,2.395,2.347,2.368
04/11/2017,2.354,2.357,2.288,2.299
04/12/2017,2.297,2.314,2.238,2.239
04/13/17,2.245,2.273,2.222,2.234
04/17/17,2.208,2.258,2.2,2.25
04/18/17,2.253,2.261,2.165,2.175
04/19/17,2.182,2.225,2.176,2.217
04/20/17,2.213,2.255,2.198,2.232
04/21/17,2.242,2.252,2.207,2.248
04/24/17,2.315,2.323,2.264,2.275
04/25/17,2.27,2.342,2.268,2.335
04/26/17,2.331,2.348,2.301,2.307
04/27/17,2.311,2.323,2.282,2.297
04/28/17,2.299,2.333,2.277,2.281
05/01/2017,2.281,2.339,2.28,2.32
05/02/2017,2.319,2.343,2.28,2.28
05/03/2017,2.285,2.326,2.277,2.32
05/04/2017,2.323,2.369,2.323,2.358
05/05/2017,2.356,2.382,2.338,2.352
05/08/2017,2.363,2.391,2.331,2.389
05/09/2017,2.393,2.414,2.377,2.4
05/10/2017,2.393,2.418,2.37,2.416
05/11/2017,2.412,2.423,2.383,2.39
05/12/2017,2.388,2.393,2.32,2.328
05/15/17,2.323,2.352,2.32,2.345
05/16/17,2.339,2.362,2.306,2.327
05/17/17,2.295,2.306,2.211,2.226
05/18/17,2.231,2.252,2.183,2.233
05/19/17,2.234,2.258,2.225,2.236
05/22/17,2.243,2.257,2.235,2.256
05/23/17,2.233,2.29,2.227,2.284
05/24/17,2.283,2.298,2.243,2.252
05/25/17,2.257,2.269,2.243,2.257
05/26/17,2.255,2.258,2.231,2.248
05/30/17,2.247,2.249,2.207,2.209
05/31/17,2.215,2.234,2.195,2.206
06/01/2017,2.208,2.243,2.206,2.21
06/02/2017,2.215,2.225,2.143,2.16
06/05/2017,2.158,2.186,2.156,2.183
06/06/2017,2.18,2.182,2.133,2.147
06/07/2017,2.15,2.184,2.146,2.176
06/08/2017,2.186,2.215,2.177,2.189
06/09/2017,2.176,2.228,2.168,2.201
06/12/2017,2.214,2.225,2.186,2.214
06/13/17,2.219,2.229,2.201,2.213
06/14/17,2.212,2.215,2.096,2.127
06/15/17,2.123,2.174,2.123,2.166
06/16/17,2.166,2.179,2.143,2.153
06/19/17,2.159,2.193,2.14,2.192
06/20/17,2.199,2.199,2.151,2.159
06/21/17,2.166,2.177,2.144,2.164
06/22/17,2.163,2.166,2.138,2.15
06/23/17,2.151,2.169,2.141,2.143
06/26/17,2.147,2.163,2.119,2.14
06/27/17,2.14,2.213,2.125,2.21
06/28/17,2.203,2.258,2.193,2.23
06/29/17,2.226,2.298,2.22,2.268
06/30/17,2.264,2.309,2.262,2.302
07/03/2017,2.317,2.355,2.289,2.348
07/05/2017,2.339,2.357,2.321,2.323
07/06/2017,2.33,2.39,2.321,2.368
07/07/2017,2.371,2.397,2.362,2.384
07/10/2017,2.388,2.393,2.362,2.375
07/11/2017,2.374,2.396,2.351,2.364
07/12/2017,2.362,2.362,2.301,2.321
07/13/17,2.322,2.365,2.306,2.347
07/14/17,2.354,2.357,2.275,2.335
07/17/17,2.336,2.337,2.302,2.316
07/18/17,2.312,2.316,2.257,2.26
07/19/17,2.268,2.28,2.258,2.272
07/20/17,2.269,2.276,2.24,2.261
07/21/17,2.267,2.272,2.227,2.239
07/24/17,2.236,2.262,2.229,2.256
07/25/17,2.257,2.34,2.248,2.338
07/26/17,2.335,2.341,2.277,2.288
07/27/17,2.287,2.328,2.276,2.312
07/28/17,2.306,2.335,2.286,2.293
07/31/17,2.284,2.305,2.276,2.297
08/01/2017,2.298,2.321,2.25,2.255
08/02/2017,2.259,2.284,2.244,2.271
08/03/2017,2.269,2.271,2.218,2.223
08/04/2017,2.224,2.291,2.219,2.266
08/07/2017,2.271,2.285,2.252,2.255
08/08/2017,2.259,2.292,2.254,2.264
08/09/2017,2.258,2.259,2.213,2.25
08/10/2017,2.25,2.257,2.196,2.198
08/11/2017,2.199,2.222,2.184,2.192
08/14/17,2.198,2.228,2.196,2.222
08/15/17,2.22,2.283,2.22,2.275
08/16/17,2.276,2.285,2.22,2.225
08/17/17,2.23,2.247,2.183,2.189
08/18/17,2.193,2.211,2.161,2.197
08/21/17,2.205,2.211,2.175,2.184
08/22/17,2.183,2.218,2.181,2.214
08/23/17,2.222,2.223,2.165,2.167
08/24/17,2.168,2.199,2.168,2.196
08/25/17,2.196,2.203,2.16,2.168
08/28/17,2.175,2.18,2.155,2.157
08/29/17,2.124,2.141,2.088,2.129
08/30/17,2.137,2.155,2.129,2.134
08/31/17,2.139,2.155,2.116,2.119
09/01/2017,2.129,2.168,2.1,2.167
09/05/2017,2.15,2.152,2.06,2.06
09/06/2017,2.059,2.109,2.056,2.106
09/07/2017,2.106,2.107,2.034,2.039
09/08/2017,2.045,2.071,2.016,2.052
09/11/2017,2.09,2.136,2.087,2.132
09/12/2017,2.129,2.175,2.124,2.169
09/13/17,2.171,2.199,2.154,2.19
09/14/17,2.188,2.226,2.185,2.187
09/15/17,2.181,2.211,2.177,2.204
09/18/17,2.207,2.237,2.205,2.231
09/19/17,2.226,2.249,2.215,2.248
09/20/17,2.243,2.287,2.226,2.272
09/21/17,2.275,2.283,2.246,2.278
09/22/17,2.275,2.278,2.241,2.255
09/25/17,2.262,2.264,2.213,2.22
09/26/17,2.223,2.246,2.215,2.238
09/27/17,2.233,2.315,2.232,2.311
09/28/17,2.307,2.358,2.301,2.307
09/29/17,2.314,2.336,2.295,2.333
10/02/2017,2.343,2.374,2.32,2.343
10/03/2017,2.342,2.368,2.321,2.321
10/04/2017,2.326,2.345,2.302,2.325
10/05/2017,2.329,2.357,2.321,2.35
10/06/2017,2.349,2.401,2.346,2.361
10/10/2017,2.362,2.373,2.315,2.36
10/11/2017,2.361,2.367,2.331,2.35
10/12/2017,2.349,2.351,2.314,2.32
10/13/17,2.323,2.336,2.272,2.277
10/16/17,2.29,2.311,2.28,2.305
10/17/17,2.302,2.329,2.296,2.3
10/18/17,2.302,2.352,2.297,2.344
10/19/17,2.345,2.348,2.298,2.321
10/20/17,2.32,2.389,2.316,2.385
10/23/17,2.394,2.398,2.363,2.369
10/24/17,2.371,2.426,2.363,2.417
10/25/17,2.421,2.475,2.414,2.435
10/26/17,2.433,2.465,2.411,2.464
10/27/17,2.457,2.481,2.41,2.412
10/30/17,2.403,2.416,2.362,2.371
10/31/17,2.369,2.387,2.357,2.377
11/01/2017,2.378,2.401,2.347,2.373
11/02/2017,2.372,2.382,2.336,2.349
11/03/2017,2.35,2.364,2.321,2.334
11/06/2017,2.344,2.356,2.313,2.316
11/07/2017,2.319,2.345,2.301,2.317
11/08/2017,2.308,2.335,2.303,2.333
11/09/2017,2.326,2.345,2.313,2.397
11/13/17,2.399,2.407,2.37,2.405
11/14/17,2.404,2.415,2.371,2.373
11/15/17,2.374,2.374,2.319,2.326
11/16/17,2.325,2.379,2.325,2.376
11/17/17,2.371,2.374,2.336,2.344
11/20/17,2.344,2.372,2.325,2.371
11/21/17,2.365,2.376,2.335,2.357
11/22/17,2.356,2.374,2.316,2.319
11/24/17,2.326,2.353,2.326,2.344
11/27/17,2.34,2.356,2.321,2.33
11/28/17,2.322,2.341,2.311,2.328
11/29/17,2.334,2.393,2.321,2.39
11/30/17,2.386,2.434,2.38,2.41
12/01/2017,2.412,2.416,2.321,2.363
12/04/2017,2.41,2.413,2.368,2.372
12/05/2017,2.38,2.396,2.351,2.353
12/06/2017,2.359,2.364,2.312,2.339
12/07/2017,2.342,2.373,2.322,2.364
12/08/2017,2.373,2.394,2.361,2.375
12/11/2017,2.384,2.392,2.356,2.392
12/12/2017,2.388,2.418,2.377,2.408
12/13/17,2.401,2.425,2.343,2.343
12/14/17,2.358,2.39,2.344,2.353
12/15/17,2.353,2.378,2.345,2.355
12/18/17,2.368,2.396,2.362,2.393
12/19/17,2.402,2.472,2.39,2.468
12/20/17,2.452,2.502,2.447,2.501
12/21/17,2.489,2.503,2.477,2.485
12/22/17,2.483,2.493,2.478,2.484
12/26/17,2.491,2.498,2.456,2.478
12/27/17,2.476,2.48,2.407,2.411
12/28/17,2.419,2.442,2.419,2.434
12/29/17,2.436,2.438,2.408,2.41
01/02/2018,2.412,2.481,2.41,2.463
01/03/2018,2.471,2.474,2.437,2.45
01/04/2018,2.459,2.486,2.448,2.453
01/05/2018,2.46,2.482,2.432,2.477
01/08/2018,2.483,2.491,2.461,2.48
01/09/2018,2.485,2.56,2.48,2.555
01/10/2018,2.551,2.598,2.541,2.556
01/11/2018,2.552,2.569,2.524,2.538
01/12/2018,2.546,2.592,2.543,2.549
01/16/18,2.555,2.562,2.525,2.538
01/17/18,2.536,2.588,2.532,2.587
01/18/18,2.592,2.629,2.586,2.628
01/19/18,2.626,2.662,2.612,2.659
01/22/18,2.66,2.671,2.63,2.65
01/23/18,2.657,2.661,2.612,2.615
01/24/18,2.611,2.662,2.609,2.649
01/25/18,2.652,2.676,2.615,2.627
01/26/18,2.627,2.673,2.619,2.662
01/29/18,2.659,2.728,2.659,2.695
01/30/18,2.703,2.737,2.684,2.721
01/31/18,2.722,2.753,2.697,2.705
02/01/2018,2.732,2.794,2.72,2.792
02/02/2018,2.796,2.853,2.782,2.841
02/05/2018,2.856,2.883,2.697,2.707
02/06/2018,2.741,2.806,2.647,2.803
02/07/2018,2.806,2.859,2.762,2.837
02/08/2018,2.818,2.883,2.807,2.827
02/09/2018,2.822,2.864,2.786,2.854
02/12/2018,2.849,2.896,2.828,2.86
02/13/18,2.857,2.863,2.822,2.829
02/14/18,2.837,2.922,2.809,2.906
02/15/18,2.911,2.942,2.878,2.909
02/16/18,2.911,2.914,2.848,2.875
02/20/18,2.892,2.926,2.881,2.888
02/21/18,2.89,2.956,2.876,2.95
02/22/18,2.939,2.946,2.902,2.92
02/23/18,2.932,2.937,2.861,2.867
02/26/18,2.872,2.874,2.829,2.864
02/27/18,2.862,2.924,2.849,2.897
02/28/18,2.901,2.912,2.861,2.862
03/01/2018,2.865,2.875,2.799,2.808
03/02/2018,2.819,2.872,2.796,2.862
03/05/2018,2.854,2.894,2.812,2.884
03/06/2018,2.88,2.908,2.855,2.89
03/07/2018,2.848,2.889,2.843,2.884
03/08/2018,2.883,2.894,2.845,2.857
03/09/2018,2.874,2.911,2.868,2.895
03/12/2018,2.903,2.912,2.863,2.868
03/13/18,2.871,2.888,2.833,2.845
03/14/18,2.843,2.858,2.8,2.818
03/15/18,2.822,2.834,2.798,2.83
03/16/18,2.832,2.858,2.814,2.847
03/19/18,2.855,2.878,2.831,2.858
03/20/18,2.851,2.898,2.851,2.897
03/21/18,2.904,2.936,2.871,2.883
03/22/18,2.886,2.89,2.798,2.825
03/23/18,2.81,2.851,2.793,2.817
03/26/18,2.821,2.856,2.817,2.856
03/27/18,2.854,2.861,2.77,2.777
03/28/18,2.779,2.79,2.745,2.785
03/29/18,2.787,2.791,2.737,2.739
04/02/2018,2.76,2.775,2.716,2.731
04/03/2018,2.736,2.788,2.735,2.78
04/04/2018,2.776,2.809,2.748,2.807
04/05/2018,2.806,2.837,2.806,2.831
04/06/2018,2.814,2.831,2.766,2.777
04/09/2018,2.785,2.811,2.776,2.78
04/10/2018,2.782,2.811,2.778,2.803
04/11/2018,2.808,2.808,2.755,2.783
04/12/2018,2.782,2.844,2.773,2.84
04/13/18,2.826,2.848,2.816,2.826
04/16/18,2.843,2.869,2.825,2.829
04/17/18,2.834,2.852,2.81,2.831
04/18/18,2.834,2.88,2.825,2.874
04/19/18,2.873,2.932,2.862,2.912
04/20/18,2.915,2.962,2.906,2.962
04/23/18,2.968,3.001,2.963,2.976
04/24/18,2.977,3.003,2.959,3.003
04/25/18,2.997,3.036,2.992,3.028
04/26/18,3.024,3.033,2.977,2.983
04/27/18,2.989,2.992,2.948,2.964
04/30/18,2.962,2.976,2.932,2.953
05/01/2018,2.957,2.981,2.95,2.967
05/02/2018,2.971,3.001,2.957,2.969
05/03/2018,2.97,2.98,2.927,2.949
05/04/2018,2.949,2.96,2.911,2.951
05/07/2018,2.956,2.967,2.934,2.952
05/08/2018,2.952,2.99,2.947,2.978
05/09/2018,2.975,3.017,2.974,3.006
05/10/2018,2.998,2.999,2.953,2.962
05/11/2018,2.969,2.981,2.949,2.97
05/14/18,2.975,3.002,2.958,3
05/15/18,2.999,3.094,2.996,3.076
05/16/18,3.068,3.103,3.056,3.098
05/17/18,3.095,3.12,3.087,3.113
05/18/18,3.115,3.127,3.058,3.059
05/21/18,3.078,3.085,3.053,3.059
05/22/18,3.061,3.081,3.049,3.063
05/23/18,3.064,3.068,2.987,2.994
05/24/18,3,3.015,2.953,2.977
05/25/18,2.981,2.996,2.915,2.929
05/29/18,2.899,2.909,2.754,2.776
05/30/18,2.763,2.89,2.759,2.857
05/31/18,2.849,2.888,2.822,2.86
06/01/2018,2.858,2.922,2.858,2.903
06/04/2018,2.905,2.949,2.903,2.945
06/05/2018,2.94,2.943,2.9,2.924
06/06/2018,2.93,2.982,2.927,2.972
06/07/2018,2.973,3.001,2.893,2.923
06/08/2018,2.934,2.952,2.895,2.95
06/11/2018,2.952,2.971,2.951,2.954
06/12/2018,2.956,2.981,2.946,2.963
06/13/18,2.962,3.006,2.946,2.967
06/14/18,2.968,2.978,2.93,2.938
06/15/18,2.938,2.94,2.889,2.925
06/18/18,2.922,2.932,2.901,2.919
06/19/18,2.901,2.906,2.854,2.897
06/20/18,2.899,2.937,2.884,2.937
06/21/18,2.942,2.951,2.89,2.898
06/22/18,2.904,2.929,2.89,2.896
06/25/18,2.891,2.896,2.863,2.884
06/26/18,2.887,2.904,2.867,2.884
06/27/18,2.881,2.887,2.817,2.826
06/28/18,2.831,2.856,2.82,2.839
06/29/18,2.844,2.867,2.829,2.861
07/02/2018,2.86,2.871,2.828,2.869
07/03/2018,2.871,2.889,2.829,2.831
07/05/2018,2.843,2.869,2.819,2.834
07/06/2018,2.835,2.85,2.809,2.822
07/09/2018,2.828,2.862,2.828,2.861
07/10/2018,2.862,2.876,2.854,2.857
07/11/2018,2.836,2.864,2.829,2.848
07/12/2018,2.847,2.873,2.844,2.845
07/13/18,2.851,2.861,2.825,2.829
07/16/18,2.832,2.876,2.83,2.858
07/17/18,2.861,2.873,2.846,2.864
07/18/18,2.861,2.882,2.846,2.872
07/19/18,2.884,2.901,2.829,2.84
07/20/18,2.849,2.898,2.838,2.897
07/23/18,2.897,2.97,2.885,2.958
07/24/18,2.963,2.975,2.942,2.951
07/25/18,2.952,2.978,2.928,2.977
07/26/18,2.97,2.983,2.945,2.977
07/27/18,2.98,2.99,2.95,2.956
07/30/18,2.962,2.991,2.958,2.975
07/31/18,2.973,2.981,2.935,2.963
08/01/2018,2.955,3.014,2.953,3.006
08/02/2018,3.008,3.01,2.977,2.986
08/03/2018,2.993,2.999,2.945,2.95
08/06/2018,2.958,2.966,2.921,2.944
08/07/2018,2.942,2.98,2.936,2.975
08/08/2018,2.978,2.986,2.959,2.962
08/09/2018,2.958,2.968,2.921,2.928
08/10/2018,2.93,2.934,2.852,2.872
08/13/18,2.866,2.889,2.849,2.881
08/14/18,2.878,2.905,2.873,2.9
08/15/18,2.898,2.901,2.833,2.861
08/16/18,2.862,2.892,2.854,2.865
08/17/18,2.869,2.878,2.842,2.86
08/20/18,2.868,2.871,2.814,2.817
08/21/18,2.823,2.853,2.818,2.833
08/22/18,2.823,2.838,2.812,2.82
08/23/18,2.822,2.832,2.811,2.829
08/24/18,2.828,2.85,2.805,2.818
08/27/18,2.843,2.843,2.843,2.843
08/28/18,2.852,2.889,2.844,2.882
08/29/18,2.88,2.898,2.868,2.886
08/30/18,2.879,2.888,2.85,2.857
08/31/18,2.86,2.865,2.831,2.861
09/04/2018,2.863,2.907,2.853,2.898
09/05/2018,2.9,2.915,2.882,2.903
09/06/2018,2.904,2.912,2.869,2.878
09/07/2018,2.875,2.949,2.871,2.942
09/10/2018,2.943,2.95,2.926,2.936
09/11/2018,2.931,2.983,2.931,2.979
09/12/2018,2.98,2.981,2.953,2.967
09/13/18,2.964,2.985,2.941,2.972
09/14/18,2.973,3.004,2.967,2.998
09/17/18,3,3.019,2.985,2.991
09/18/18,2.982,3.062,2.977,3.057
09/19/18,3.055,3.09,3.043,3.068
09/20/18,3.065,3.096,3.056,3.064
09/21/18,3.065,3.084,3.057,3.065
09/24/18,3.074,3.089,3.063,3.087
09/25/18,3.088,3.115,3.085,3.096
09/26/18,3.098,3.102,3.042,3.047
09/27/18,3.054,3.073,3.031,3.054
09/28/18,3.049,3.063,3.024,3.062
10/01/2018,3.072,3.096,3.062,3.082
10/02/2018,3.084,3.088,3.046,3.065
10/03/2018,3.064,3.187,3.051,3.187
10/04/2018,3.199,3.229,3.176,3.186
10/05/2018,3.195,3.245,3.189,3.231
10/09/2018,3.236,3.263,3.199,3.206
10/10/2018,3.213,3.242,3.165,3.168
10/11/2018,3.167,3.193,3.127,3.151
10/12/2018,3.155,3.184,3.129,3.163
10/15/18,3.159,3.165,3.142,3.157
10/16/18,3.158,3.181,3.15,3.166
10/17/18,3.165,3.203,3.144,3.203
10/18/18,3.206,3.218,3.158,3.181
10/19/18,3.178,3.209,3.17,3.196
10/22/18,3.194,3.207,3.177,3.197
10/23/18,3.196,3.197,3.111,3.17
10/24/18,3.171,3.174,3.096,3.103
10/25/18,3.1,3.145,3.098,3.119
10/26/18,3.108,3.116,3.058,3.079
10/29/18,3.084,3.116,3.057,3.087
10/30/18,3.083,3.127,3.082,3.123
10/31/18,3.125,3.163,3.122,3.142
11/01/2018,3.152,3.174,3.132,3.133
11/02/2018,3.136,3.223,3.133,3.214
11/05/2018,3.21,3.213,3.185,3.201
11/06/2018,3.208,3.231,3.191,3.231
11/07/2018,3.202,3.251,3.177,3.237
11/08/2018,3.235,3.246,3.205,3.238
11/09/2018,3.236,3.237,3.179,3.184
11/13/18,3.147,3.177,3.138,3.142
11/14/18,3.15,3.163,3.091,3.125
11/15/18,3.126,3.136,3.08,3.114
11/16/18,3.117,3.124,3.064,3.066
11/19/18,3.063,3.094,3.046,3.069
11/20/18,3.061,3.071,3.035,3.064
11/21/18,3.067,3.087,3.057,3.064
11/23/18,3.064,3.075,3.033,3.04
11/26/18,3.053,3.077,3.046,3.057
11/27/18,3.058,3.072,3.042,3.061
11/28/18,3.056,3.072,3.041,3.058
11/29/18,3.048,3.054,3.002,3.03
11/30/18,3.028,3.031,2.992,2.993
12/03/2018,3.036,3.05,2.966,2.97
12/04/2018,2.975,2.978,2.879,2.912
12/06/2018,2.965,2.965,2.828,2.885
12/07/2018,2.897,2.909,2.848,2.852
12/10/2018,2.836,2.869,2.824,2.861
12/11/2018,2.852,2.898,2.845,2.878
12/12/2018,2.882,2.92,2.882,2.914
12/13/18,2.911,2.92,2.893,2.913
12/14/18,2.913,2.914,2.873,2.893
12/17/18,2.896,2.899,2.846,2.858
12/18/18,2.854,2.86,2.814,2.819
12/19/18,2.82,2.837,2.75,2.777
12/20/18,2.774,2.811,2.748,2.809
12/21/18,2.8,2.81,2.776,2.783
12/24/18,2.799,2.805,2.734,2.741
12/26/18,2.799,2.805,2.734,2.807
12/27/18,2.799,2.804,2.729,2.771
12/28/18,2.773,2.782,2.714,2.718
12/31/18,2.73,2.743,2.682,2.684
01/02/2019,2.691,2.7,2.619,2.62
01/03/2019,2.626,2.655,2.547,2.557
01/04/2019,2.562,2.675,2.547,2.67
01/07/2019,2.67,2.704,2.632,2.697
01/08/2019,2.696,2.734,2.686,2.732
01/09/2019,2.732,2.75,2.709,2.712
01/10/2019,2.714,2.749,2.679,2.747
01/11/2019,2.732,2.74,2.68,2.704
01/14/19,2.707,2.715,2.664,2.704
01/15/19,2.71,2.723,2.68,2.718
01/16/19,2.712,2.748,2.704,2.724
01/17/19,2.718,2.758,2.703,2.752
01/18/19,2.747,2.796,2.744,2.786
01/22/19,2.774,2.776,2.726,2.741
01/23/19,2.742,2.777,2.735,2.744
01/24/19,2.744,2.756,2.701,2.714
01/25/19,2.721,2.762,2.719,2.761
01/28/19,2.753,2.769,2.728,2.744
01/29/19,2.743,2.747,2.71,2.712
01/30/19,2.711,2.733,2.671,2.682
01/31/19,2.685,2.687,2.613,2.63
02/01/2019,2.645,2.7,2.624,2.686
02/04/2019,2.692,2.731,2.684,2.722
02/05/2019,2.717,2.741,2.687,2.701
02/06/2019,2.704,2.706,2.674,2.696
02/07/2019,2.693,2.695,2.648,2.658
02/08/2019,2.657,2.662,2.621,2.63
02/11/2019,2.638,2.668,2.636,2.655
02/12/2019,2.654,2.689,2.653,2.685
02/13/19,2.696,2.716,2.679,2.703
02/14/19,2.699,2.712,2.641,2.655
02/15/19,2.654,2.685,2.643,2.666
02/19/19,2.673,2.676,2.632,2.638
02/20/19,2.647,2.658,2.626,2.647
02/21/19,2.645,2.698,2.642,2.698
02/22/19,2.688,2.69,2.634,2.653
02/25/19,2.666,2.685,2.655,2.665
02/26/19,2.663,2.671,2.627,2.64
02/27/19,2.641,2.699,2.627,2.683
02/28/19,2.678,2.729,2.659,2.718
03/01/2019,2.72,2.759,2.714,2.754
03/04/2019,2.765,2.77,2.72,2.722
03/05/2019,2.728,2.748,2.715,2.719
03/06/2019,2.717,2.721,2.68,2.691
03/07/2019,2.689,2.694,2.634,2.641
03/08/2019,2.644,2.65,2.613,2.635
03/11/2019,2.632,2.659,2.624,2.642
03/12/2019,2.659,2.674,2.595,2.609
03/13/19,2.605,2.628,2.602,2.621
03/14/19,2.623,2.641,2.609,2.629
03/15/19,2.626,2.638,2.577,2.592
03/18/19,2.593,2.611,2.583,2.608
03/19/19,2.604,2.634,2.591,2.619
03/20/19,2.614,2.619,2.525,2.525
03/21/19,2.526,2.54,2.499,2.533
03/22/19,2.541,2.541,2.417,2.442
03/25/19,2.451,2.473,2.379,2.399
03/26/19,2.406,2.452,2.403,2.422
03/27/19,2.419,2.431,2.352,2.373
03/28/19,2.364,2.407,2.341,2.393
03/29/19,2.389,2.431,2.388,2.406
04/01/2019,2.427,2.505,2.427,2.501
04/02/2019,2.493,2.495,2.466,2.472
04/03/2019,2.476,2.525,2.472,2.521
04/04/2019,2.521,2.522,2.495,2.513
04/05/2019,2.517,2.545,2.487,2.494
04/08/2019,2.502,2.53,2.486,2.53
04/09/2019,2.517,2.527,2.484,2.501
04/10/2019,2.502,2.51,2.461,2.469
04/11/2019,2.471,2.511,2.47,2.498
04/12/2019,2.496,2.569,2.49,2.569
04/15/19,2.558,2.575,2.546,2.552
04/16/19,2.555,2.597,2.547,2.594
04/17/19,2.584,2.617,2.578,2.596
04/18/19,2.591,2.594,2.546,2.564
04/22/19,2.592,2.592,2.592,2.592
04/23/19,2.587,2.594,2.559,2.569
04/24/19,2.571,2.574,2.515,2.525
04/25/19,2.526,2.544,2.516,2.536
04/26/19,2.531,2.538,2.492,2.5
04/29/19,2.502,2.545,2.5,2.526
04/30/19,2.515,2.549,2.498,2.502
05/01/2019,2.504,2.521,2.453,2.503
05/02/2019,2.518,2.556,2.502,2.543
05/03/2019,2.543,2.577,2.513,2.523
05/06/2019,2.523,2.523,2.475,2.485
05/07/2019,2.485,2.502,2.444,2.458
05/08/2019,2.458,2.491,2.426,2.484
05/09/2019,2.484,2.486,2.425,2.445
05/10/2019,2.445,2.475,2.429,2.468
05/13/19,2.468,2.468,2.39,2.408
05/14/19,2.408,2.431,2.393,2.414
05/15/19,2.414,2.42,2.363,2.377
05/16/19,2.377,2.417,2.356,2.392
05/17/19,2.392,2.408,2.364,2.393
05/20/19,2.393,2.422,2.38,2.42
05/21/19,2.42,2.442,2.408,2.429
05/22/19,2.429,2.436,2.384,2.386
05/23/19,2.386,2.389,2.296,2.323
05/24/19,2.323,2.337,2.313,2.326
05/26/19,2.326,2.326,2.326,2.326
05/28/19,2.326,2.326,2.26,2.265
05/29/19,2.265,2.269,2.209,2.264
05/30/19,2.264,2.283,2.209,2.218
05/31/19,2.218,2.218,2.124,2.13
06/03/2019,2.13,2.136,2.062,2.072
06/04/2019,2.072,2.147,2.072,2.134
06/05/2019,2.134,2.136,2.074,2.134
06/06/2019,2.134,2.134,2.09,2.12
06/07/2019,2.12,2.134,2.054,2.085
06/10/2019,2.085,2.149,2.085,2.146
06/11/2019,2.146,2.179,2.136,2.141
06/12/2019,2.141,2.145,2.111,2.118
06/13/19,2.118,2.132,2.081,2.096
06/14/19,2.096,2.111,2.058,2.08
06/17/19,2.08,2.118,2.078,2.09
06/18/19,2.09,2.099,2.018,2.057
06/19/19,2.057,2.096,2.023,2.024
06/20/19,2.024,2.04,1.974,2.025
06/21/19,2.025,2.069,2.002,2.058
06/24/19,2.058,2.065,2.014,2.021
06/25/19,2.021,2.025,1.98,1.988
06/26/19,1.988,2.053,1.988,2.049
06/27/19,2.049,2.072,2.003,2.013
06/28/19,2.013,2.031,1.994,2.006
07/01/2019,2.006,2.048,2.003,2.027
07/02/2019,2.027,2.027,1.973,1.975
07/03/2019,1.975,1.975,1.943,1.95
07/05/2019,1.95,2.068,1.94,2.037
07/08/2019,2.037,2.054,2.013,2.05
07/09/2019,2.05,2.073,2.032,2.068
07/10/2019,2.068,2.113,2.039,2.062
07/11/2019,2.062,2.146,2.037,2.139
07/12/2019,2.139,2.148,2.106,2.124
07/15/19,2.124,2.141,2.086,2.092
07/16/19,2.092,2.142,2.084,2.105
07/17/19,2.105,2.111,2.045,2.05
07/18/19,2.05,2.075,2.018,2.024
07/19/19,2.024,2.067,2.024,2.057
07/22/19,2.057,2.068,2.021,2.048
07/23/19,2.048,2.082,2.042,2.081
07/24/19,2.081,2.087,2.034,2.05
07/25/19,2.05,2.1,2.011,2.079
07/26/19,2.079,2.101,2.064,2.069
07/29/19,2.069,2.072,2.049,2.066
07/30/19,2.066,2.079,2.042,2.062
07/31/19,2.062,2.073,2.007,2.015
08/01/2019,2.015,2.061,1.875,1.895
08/02/2019,1.895,1.911,1.833,1.846
08/05/2019,1.846,1.856,1.71,1.713
08/06/2019,1.713,1.774,1.675,1.708
08/07/2019,1.708,1.734,1.598,1.734
08/08/2019,1.734,1.791,1.709,1.72
08/09/2019,1.72,1.749,1.682,1.748
08/12/2019,1.748,1.748,1.63,1.649
08/13/19,1.649,1.716,1.62,1.704
08/14/19,1.704,1.704,1.577,1.581
08/15/19,1.581,1.595,1.477,1.528
08/16/19,1.528,1.591,1.513,1.56
08/19/19,1.56,1.627,1.56,1.611
08/20/19,1.611,1.611,1.538,1.555
08/21/19,1.555,1.611,1.545,1.591
08/22/19,1.591,1.626,1.556,1.617
08/23/19,1.617,1.664,1.507,1.538
08/26/19,1.538,1.55,1.447,1.535
08/27/19,1.535,1.537,1.469,1.472
08/28/19,1.472,1.49,1.448,1.481
08/29/19,1.481,1.533,1.448,1.498
08/30/19,1.497,1.543,1.493,1.5
09/01/2019,1.5,1.5,1.5,1.5
09/03/2019,1.5,1.536,1.431,1.461
09/04/2019,1.461,1.499,1.454,1.469
09/05/2019,1.469,1.59,1.468,1.565
09/06/2019,1.565,1.607,1.536,1.556
09/09/2019,1.565,1.647,1.55,1.646
09/10/2019,1.646,1.747,1.622,1.733
09/11/2019,1.733,1.752,1.71,1.745
09/12/2019,1.745,1.796,1.677,1.773
09/13/19,1.773,1.907,1.767,1.899
09/16/19,1.899,1.911,1.818,1.847
09/17/19,1.847,1.853,1.796,1.803
09/18/19,1.803,1.818,1.743,1.797
09/19/19,1.797,1.82,1.748,1.785
09/20/19,1.785,1.795,1.717,1.723
09/23/19,1.723,1.762,1.669,1.729
09/24/19,1.729,1.729,1.629,1.651
09/25/19,1.651,1.737,1.633,1.736
09/26/19,1.739,1.739,1.674,1.698
09/27/19,1.698,1.727,1.672,1.683
09/30/19,1.683,1.712,1.663,1.667
10/01/2019,1.667,1.753,1.615,1.638
10/02/2019,1.638,1.665,1.582,1.598
10/03/2019,1.598,1.601,1.51,1.536
10/04/2019,1.536,1.557,1.505,1.53
10/07/2019,1.527,1.567,1.507,1.563
10/08/2019,1.563,1.591,1.509,1.533
10/09/2019,1.533,1.593,1.526,1.586
10/10/2019,1.586,1.673,1.546,1.673
10/11/2019,1.673,1.766,1.64,1.732
10/13/19,1.732,1.732,1.732,1.732
10/15/19,1.732,1.777,1.674,1.774
10/16/19,1.774,1.774,1.72,1.744
10/17/19,1.744,1.798,1.725,1.755
10/18/19,1.755,1.777,1.729,1.753
10/21/19,1.753,1.808,1.738,1.805
10/22/19,1.805,1.805,1.763,1.767
10/23/19,1.767,1.77,1.73,1.769
10/24/19,1.769,1.782,1.739,1.768
10/25/19,1.768,1.813,1.752,1.796
10/28/19,1.796,1.862,1.796,1.847
10/29/19,1.847,1.861,1.823,1.839
10/30/19,1.839,1.849,1.772,1.777
10/31/19,1.777,1.793,1.679,1.689
11/01/2019,1.689,1.744,1.675,1.716
11/04/2019,1.716,1.793,1.709,1.779
11/05/2019,1.779,1.876,1.779,1.862
11/06/2019,1.862,1.862,1.803,1.832
11/07/2019,1.832,1.967,1.806,1.918
11/08/2019,1.918,1.956,1.896,1.942
11/10/2019,1.942,1.942,1.942,1.942
11/12/2019,1.942,1.96,1.91,1.918
11/13/19,1.918,1.931,1.867,1.89
11/14/19,1.89,1.892,1.805,1.824
11/15/19,1.824,1.856,1.823,1.833
11/18/19,1.833,1.858,1.794,1.82
11/19/19,1.82,1.831,1.777,1.786
11/20/19,1.786,1.786,1.729,1.749
11/21/19,1.749,1.788,1.712,1.776
11/22/19,1.776,1.789,1.746,1.773
11/25/19,1.773,1.796,1.752,1.757
11/26/19,1.757,1.78,1.728,1.745
11/27/19,1.745,1.781,1.738,1.769
11/29/19,1.769,1.796,1.757,1.782
12/02/2019,1.782,1.859,1.782,1.822
12/03/2019,1.822,1.847,1.693,1.718
12/04/2019,1.718,1.791,1.699,1.777
12/05/2019,1.777,1.825,1.758,1.812
12/06/2019,1.812,1.867,1.784,1.841
12/09/2019,1.841,1.845,1.806,1.821
12/10/2019,1.821,1.849,1.8,1.842
12/11/2019,1.842,1.843,1.779,1.8
12/12/2019,1.8,1.917,1.778,1.894
12/13/19,1.894,1.945,1.817,1.827
12/16/19,1.827,1.895,1.827,1.878
12/17/19,1.878,1.899,1.851,1.884
12/18/19,1.884,1.935,1.863,1.921
12/19/19,1.921,1.95,1.899,1.923
12/20/19,1.923,1.95,1.911,1.918
12/23/19,1.918,1.94,1.895,1.929
12/24/19,1.929,1.95,1.901,1.902
12/26/19,1.902,1.92,1.892,1.895
12/27/19,1.895,1.905,1.866,1.878
12/30/19,1.878,1.939,1.875,1.883
12/31/19,1.883,1.925,1.883,1.92
01/02/2020,1.92,1.949,1.852,1.877
01/03/2020,1.877,1.877,1.787,1.789
01/06/2020,1.789,1.819,1.764,1.81
01/07/2020,1.81,1.832,1.797,1.823
01/08/2020,1.823,1.88,1.711,1.874
01/09/2020,1.874,1.899,1.847,1.86
01/10/2020,1.86,1.873,1.814,1.822
01/13/20,1.822,1.857,1.822,1.85
01/14/20,1.85,1.865,1.813,1.814
01/15/20,1.814,1.819,1.78,1.787
01/16/20,1.787,1.82,1.776,1.812
01/17/20,1.812,1.852,1.812,1.823
01/20/20,1.823,1.823,1.823,1.823
01/21/20,1.823,1.826,1.761,1.771
01/22/20,1.771,1.796,1.757,1.774
01/23/20,1.774,1.774,1.715,1.734
01/24/20,1.734,1.766,1.669,1.688
01/27/20,1.688,1.688,1.599,1.61
01/28/20,1.61,1.662,1.571,1.659
01/29/20,1.659,1.666,1.581,1.584
01/30/20,1.584,1.595,1.536,1.588
01/31/20,1.588,1.599,1.499,1.509
02/03/2020,1.509,1.574,1.509,1.532
02/04/2020,1.532,1.619,1.522,1.602
02/05/2020,1.602,1.66,1.576,1.654
02/06/2020,1.654,1.685,1.634,1.643
02/07/2020,1.643,1.648,1.571,1.584
02/10/2020,1.584,1.6,1.544,1.574
02/11/2020,1.574,1.607,1.574,1.606
02/12/2020,1.606,1.642,1.598,1.637
02/13/20,1.637,1.637,1.569,1.618
02/14/20,1.618,1.618,1.572,1.588
02/16/20,1.588,1.588,1.588,1.588
02/18/20,1.588,1.588,1.542,1.562
02/19/20,1.562,1.584,1.549,1.566
02/20/20,1.566,1.584,1.508,1.519
02/21/20,1.519,1.526,1.439,1.475
02/24/20,1.475,1.481,1.355,1.374
02/25/20,1.374,1.418,1.309,1.354
02/26/20,1.354,1.384,1.3,1.333
02/27/20,1.333,1.333,1.242,1.264
02/28/20,1.264,1.283,1.099,1.156
03/02/2020,1.156,1.167,1.031,1.167
03/03/2020,1.167,1.171,0.919,0.997
03/04/2020,0.997,1.064,0.933,1.062
03/05/2020,1.062,1.062,0.898,0.915
03/06/2020,0.915,0.915,0.663,0.767
03/09/2020,0.767,0.767,0.38,0.569
03/10/2020,0.569,0.811,0.565,0.809
03/11/2020,0.809,0.89,0.647,0.872
03/12/2020,0.872,0.909,0.649,0.794
03/13/20,0.794,1.015,0.722,0.981
03/16/20,0.981,0.981,0.631,0.734
03/17/20,0.733,1.096,0.733,1.083
03/18/20,1.083,1.271,0.991,1.185
03/19/20,1.185,1.266,1.046,1.158
03/20/20,1.158,1.158,0.852,0.854
03/23/20,0.854,0.854,0.695,0.788
03/24/20,0.788,0.893,0.774,0.848
03/25/20,0.848,0.882,0.776,0.862
03/26/20,0.862,0.862,0.764,0.852
03/27/20,0.85,0.858,0.67,0.683
03/30/20,0.683,0.726,0.599,0.723
03/31/20,0.723,0.725,0.648,0.677
04/01/2020,0.677,0.677,0.575,0.582
04/02/2020,0.582,0.64,0.567,0.595
04/03/2020,0.595,0.615,0.568,0.596
04/06/2020,0.596,0.691,0.596,0.678
04/07/2020,0.678,0.79,0.672,0.715
04/08/2020,0.715,0.79,0.699,0.77
04/09/2020,0.77,0.785,0.712,0.729
04/13/20,0.729,0.77,0.719,0.767
04/14/20,0.767,0.775,0.727,0.754
04/15/20,0.754,0.755,0.621,0.637
04/16/20,0.637,0.657,0.591,0.624
04/17/20,0.624,0.691,0.591,0.643
04/20/20,0.643,0.653,0.601,0.608
04/21/20,0.608,0.623,0.544,0.57
04/22/20,0.57,0.636,0.548,0.626
04/23/20,0.626,0.635,0.591,0.609
04/24/20,0.609,0.622,0.583,0.606
04/27/20,0.606,0.668,0.603,0.664
04/28/20,0.664,0.672,0.599,0.615
04/29/20,0.615,0.648,0.579,0.628
04/30/20,0.628,0.65,0.578,0.644
05/01/2020,0.644,0.647,0.594,0.616
05/04/2020,0.616,0.651,0.597,0.641
05/05/2020,0.641,0.677,0.635,0.663
05/06/2020,0.663,0.747,0.663,0.705
05/07/2020,0.705,0.715,0.622,0.638
05/08/2020,0.638,0.692,0.615,0.69
05/11/2020,0.69,0.728,0.671,0.715
05/12/2020,0.715,0.725,0.664,0.671
05/13/20,0.671,0.673,0.63,0.649
05/14/20,0.649,0.652,0.602,0.62
05/15/20,0.62,0.65,0.594,0.646
05/18/20,0.646,0.742,0.638,0.728
05/19/20,0.728,0.739,0.684,0.696
05/20/20,0.696,0.723,0.67,0.683
05/21/20,0.683,0.69,0.655,0.673
05/22/20,0.673,0.675,0.627,0.661
05/24/20,0.661,0.661,0.661,0.661
05/26/20,0.661,0.715,0.653,0.701
05/27/20,0.701,0.728,0.664,0.687
05/28/20,0.687,0.715,0.674,0.695
05/29/20,0.695,0.695,0.642,0.659
06/01/2020,0.659,0.693,0.639,0.66
06/02/2020,0.66,0.691,0.648,0.685
06/03/2020,0.685,0.771,0.685,0.745
06/04/2020,0.745,0.833,0.737,0.828
06/05/2020,0.828,0.954,0.803,0.902
06/08/2020,0.902,0.929,0.861,0.882
06/09/2020,0.882,0.882,0.807,0.829
06/10/2020,0.829,0.834,0.722,0.725
06/11/2020,0.725,0.73,0.649,0.673
06/12/2020,0.673,0.721,0.668,0.704
06/15/20,0.704,0.73,0.653,0.73
06/16/20,0.73,0.783,0.725,0.757
06/17/20,0.757,0.766,0.724,0.734
06/18/20,0.734,0.741,0.69,0.709
06/19/20,0.709,0.742,0.685,0.7
06/22/20,0.7,0.71,0.674,0.706
06/23/20,0.706,0.733,0.683,0.719
06/24/20,0.719,0.73,0.681,0.683
06/25/20,0.683,0.69,0.661,0.685
06/26/20,0.685,0.685,0.632,0.647
06/29/20,0.647,0.657,0.625,0.625
06/30/20,0.625,0.666,0.616,0.654
07/01/2020,0.654,0.706,0.654,0.678
07/02/2020,0.678,0.712,0.665,0.673
07/06/2020,0.673,0.711,0.672,0.679
07/07/2020,0.679,0.692,0.637,0.646
07/08/2020,0.646,0.675,0.638,0.666
07/09/2020,0.666,0.666,0.596,0.609
07/10/2020,0.609,0.648,0.572,0.645
07/13/20,0.645,0.666,0.615,0.619
07/14/20,0.619,0.635,0.602,0.626
07/15/20,0.626,0.659,0.614,0.632
07/16/20,0.632,0.633,0.596,0.619
07/17/20,0.619,0.636,0.597,0.634
07/20/20,0.634,0.634,0.604,0.615
07/21/20,0.615,0.627,0.594,0.602
07/22/20,0.602,0.609,0.581,0.597
07/23/20,0.597,0.6,0.568,0.585
07/24/20,0.585,0.595,0.557,0.591
07/27/20,0.591,0.613,0.569,0.612
07/28/20,0.612,0.635,0.577,0.582
07/29/20,0.582,0.595,0.564,0.577
07/30/20,0.577,0.581,0.544,0.556
07/31/20,0.556,0.56,0.522,0.535
08/03/2020,0.535,0.57,0.531,0.559
08/04/2020,0.559,0.563,0.502,0.508
08/05/2020,0.508,0.558,0.505,0.555
08/06/2020,0.555,0.555,0.505,0.54
08/07/2020,0.54,0.576,0.518,0.568
08/10/2020,0.568,0.586,0.543,0.583
08/11/2020,0.583,0.662,0.57,0.644
08/12/2020,0.644,0.691,0.628,0.679
08/13/20,0.679,0.728,0.652,0.723
08/14/20,0.723,0.726,0.687,0.709
08/17/20,0.707,0.718,0.662,0.692
08/18/20,0.692,0.692,0.653,0.665
08/19/20,0.665,0.691,0.644,0.683
08/20/20,0.683,0.684,0.636,0.652
08/21/20,0.652,0.661,0.624,0.636
08/24/20,0.636,0.659,0.621,0.658
08/25/20,0.658,0.71,0.655,0.688
08/26/20,0.688,0.719,0.686,0.697
08/27/20,0.697,0.761,0.655,0.755
08/28/20,0.755,0.788,0.712,0.72
08/31/20,0.72,0.743,0.69,0.706
09/01/2020,0.706,0.729,0.667,0.678
09/02/2020,0.678,0.694,0.639,0.647
09/03/2020,0.647,0.669,0.608,0.639
09/04/2020,0.639,0.724,0.63,0.721
09/06/2020,0.721,0.721,0.721,0.721
09/08/2020,0.721,0.723,0.643,0.678
09/09/2020,0.678,0.707,0.662,0.705
09/10/2020,0.705,0.72,0.675,0.68
09/11/2020,0.68,0.694,0.667,0.671
09/14/20,0.671,0.681,0.656,0.679
09/15/20,0.679,0.694,0.667,0.682
09/16/20,0.682,0.702,0.662,0.698
09/17/20,0.698,0.699,0.646,0.693
09/18/20,0.693,0.703,0.668,0.701
09/21/20,0.701,0.701,0.649,0.668
09/22/20,0.668,0.679,0.661,0.676
09/23/20,0.676,0.694,0.658,0.676
09/24/20,0.676,0.68,0.662,0.669
09/25/20,0.669,0.679,0.652,0.658
09/28/20,0.658,0.677,0.655,0.661
09/29/20,0.661,0.664,0.639,0.654
09/30/20,0.654,0.702,0.641,0.684
10/01/2020,0.684,0.72,0.663,0.677
10/02/2020,0.677,0.717,0.65,0.698
10/05/2020,0.698,0.791,0.662,0.788
10/06/2020,0.788,0.789,0.731,0.743
10/07/2020,0.743,0.799,0.738,0.795
10/08/2020,0.795,0.795,0.757,0.781
10/09/2020,0.781,0.8,0.757,0.777
10/11/2020,0.777,0.777,0.777,0.777
10/13/20,0.777,0.778,0.719,0.731
10/14/20,0.731,0.736,0.707,0.731
10/15/20,0.731,0.741,0.694,0.737
10/16/20,0.737,0.755,0.721,0.746
10/19/20,0.746,0.781,0.746,0.771
10/20/20,0.771,0.805,0.765,0.789
10/21/20,0.789,0.831,0.789,0.823
10/22/20,0.823,0.876,0.808,0.866
10/23/20,0.866,0.87,0.832,0.842
10/26/20,0.842,0.851,0.786,0.804
10/27/20,0.804,0.809,0.767,0.775
10/28/20,0.775,0.785,0.749,0.772
10/29/20,0.772,0.841,0.772,0.827
10/30/20,0.827,0.882,0.805,0.879
11/02/2020,0.879,0.879,0.829,0.857
11/03/2020,0.857,0.899,0.844,0.898
11/04/2020,0.898,0.937,0.715,0.769
11/05/2020,0.769,0.803,0.721,0.77
11/06/2020,0.77,0.839,0.757,0.815
11/09/2020,0.815,0.971,0.797,0.935
11/10/2020,0.935,0.971,0.91,0.964
11/12/2020,0.979,0.979,0.875,0.884
11/13/20,0.884,0.903,0.866,0.895
11/16/20,0.895,0.928,0.873,0.904
11/17/20,0.904,0.916,0.86,0.86
11/18/20,0.86,0.891,0.838,0.873
11/19/20,0.873,0.873,0.827,0.835
11/20/20,0.835,0.848,0.821,0.829
11/23/20,0.829,0.868,0.825,0.855
11/24/20,0.855,0.89,0.855,0.882
11/25/20,0.882,0.898,0.858,0.886
11/27/20,0.886,0.886,0.843,0.846
11/30/20,0.846,0.86,0.834,0.845
12/01/2020,0.845,0.946,0.839,0.928
12/02/2020,0.928,0.964,0.912,0.935
12/03/2020,0.935,0.946,0.897,0.91
12/04/2020,0.91,0.986,0.906,0.97
12/07/2020,0.97,0.972,0.924,0.926
12/08/2020,0.926,0.941,0.903,0.919
12/09/2020,0.919,0.958,0.919,0.942
12/10/2020,0.942,0.943,0.9,0.907
12/11/2020,0.907,0.916,0.877,0.897
12/14/20,0.897,0.936,0.889,0.896
12/15/20,0.896,0.923,0.887,0.913
12/16/20,0.913,0.951,0.902,0.916
12/17/20,0.916,0.945,0.895,0.937
12/18/20,0.937,0.956,0.915,0.946
12/21/20,0.946,0.946,0.887,0.936
12/22/20,0.936,0.941,0.918,0.92
12/23/20,0.92,0.969,0.908,0.95
12/24/20,0.95,0.956,0.933,0.933
12/28/20,0.933,0.964,0.921,0.926
12/29/20,0.926,0.953,0.926,0.938
12/30/20,0.941,0.958,0.924,0.926
12/31/20,0.926,0.932,0.912,0.919
01/04/2021,0.919,0.957,0.903,0.917
01/05/2021,0.917,0.969,0.917,0.957
01/06/2021,0.957,1.059,0.943,1.039
01/07/2021,1.039,1.09,1.029,1.084
01/08/2021,1.084,1.133,1.077,1.12
01/11/2021,1.12,1.147,1.098,1.145
01/12/2021,1.145,1.185,1.132,1.134
01/13/21,1.134,1.134,1.074,1.087
01/14/21,1.087,1.134,1.079,1.128
01/15/21,1.128,1.128,1.088,1.09
01/17/21,1.09,1.09,1.09,1.09
01/19/21,1.09,1.121,1.08,1.095
01/20/21,1.095,1.107,1.079,1.083
01/21/21,1.083,1.118,1.076,1.113
01/22/21,1.113,1.12,1.083,1.086
01/25/21,1.086,1.105,1.025,1.033
01/26/21,1.033,1.053,1.03,1.041
01/27/21,1.041,1.053,1.007,1.016
01/28/21,1.016,1.065,1.004,1.05
01/29/21,1.05,1.104,1.043,1.064
02/01/2021,1.064,1.089,1.061,1.078
02/02/2021,1.078,1.121,1.073,1.101
02/03/2021,1.101,1.145,1.101,1.139
02/04/2021,1.139,1.162,1.125,1.148
02/05/2021,1.148,1.189,1.129,1.169
02/08/2021,1.169,1.201,1.145,1.168
02/09/2021,1.168,1.171,1.141,1.161
02/10/2021,1.161,1.176,1.128,1.13
02/11/2021,1.13,1.172,1.13,1.167
02/12/2021,1.167,1.212,1.15,1.21
02/14/21,1.21,1.21,1.21,1.21
02/16/21,1.21,1.316,1.21,1.316
02/17/21,1.316,1.332,1.274,1.274
02/18/21,1.274,1.316,1.26,1.298
02/19/21,1.298,1.363,1.285,1.34
02/22/21,1.34,1.393,1.328,1.364
02/23/21,1.364,1.383,1.347,1.349
02/24/21,1.349,1.429,1.331,1.382
02/25/21,1.382,1.556,1.375,1.525
02/26/21,1.525,1.552,1.409,1.415
03/01/2021,1.415,1.458,1.387,1.426
03/02/2021,1.426,1.456,1.391,1.405
03/03/2021,1.405,1.498,1.4,1.485
03/04/2021,1.485,1.566,1.453,1.564
03/05/2021,1.564,1.614,1.538,1.568
03/08/2021,1.568,1.617,1.568,1.599
03/09/2021,1.599,1.599,1.526,1.596
03/10/2021,1.532,1.571,1.506,1.518
03/11/2021,1.518,1.554,1.479,1.538
03/12/2021,1.538,1.635,1.536,1.629
03/15/21,1.629,1.639,1.601,1.61
03/16/21,1.61,1.623,1.591,1.617
03/17/21,1.617,1.684,1.615,1.645
03/18/21,1.645,1.757,1.635,1.712
03/19/21,1.712,1.743,1.674,1.726
03/22/21,1.726,1.726,1.665,1.697
03/23/21,1.697,1.698,1.627,1.627
03/24/21,1.627,1.645,1.594,1.617
03/25/21,1.617,1.635,1.595,1.628
03/26/21,1.637,1.685,1.623,1.685
03/29/21,1.685,1.721,1.637,1.715
03/30/21,1.715,1.778,1.708,1.722
03/31/21,1.722,1.748,1.708,1.745
04/01/2021,1.745,1.752,1.675,1.676
04/02/2021,1.676,1.724,1.672,1.72
04/05/2021,1.72,1.741,1.698,1.702
04/06/2021,1.702,1.72,1.652,1.658
04/07/2021,1.658,1.674,1.635,1.674
04/08/2021,1.674,1.675,1.628,1.629
04/09/2021,1.629,1.688,1.623,1.66
04/12/2021,1.66,1.683,1.647,1.669
04/13/21,1.669,1.702,1.619,1.622
04/14/21,1.622,1.65,1.613,1.632
04/15/21,1.632,1.647,1.536,1.577
04/16/21,1.577,1.594,1.554,1.584
04/19/21,1.584,1.608,1.556,1.603
04/20/21,1.603,1.631,1.56,1.562
04/21/21,1.562,1.587,1.557,1.561
04/22/21,1.561,1.587,1.532,1.545
04/23/21,1.545,1.575,1.537,1.564
04/26/21,1.564,1.601,1.561,1.575
04/27/21,1.575,1.626,1.567,1.62
04/28/21,1.619,1.657,1.611,1.614
04/29/21,1.614,1.68,1.614,1.643
04/30/21,1.643,1.66,1.625,1.625
05/03/2021,1.625,1.65,1.595,1.606
05/04/2021,1.606,1.626,1.559,1.593
05/05/2021,1.593,1.617,1.571,1.576
05/06/2021,1.576,1.587,1.561,1.568
05/07/2021,1.568,1.584,1.489,1.577
05/10/2021,1.577,1.608,1.568,1.604
05/11/2021,1.604,1.626,1.588,1.619
05/12/2021,1.619,1.702,1.612,1.7
05/13/21,1.7,1.705,1.655,1.661
05/14/21,1.66,1.668,1.624,1.626
05/17/21,1.626,1.655,1.607,1.652
05/18/21,1.652,1.661,1.624,1.639
05/19/21,1.639,1.695,1.62,1.675
05/20/21,1.675,1.681,1.622,1.624
05/21/21,1.624,1.64,1.61,1.619
05/24/21,1.619,1.628,1.59,1.603
05/25/21,1.603,1.613,1.554,1.558
05/26/21,1.558,1.583,1.55,1.578
05/27/21,1.578,1.625,1.571,1.605
05/28/21,1.611,1.627,1.582,1.584
05/30/21,1.584,1.584,1.584,1.584
06/01/2021,1.584,1.647,1.584,1.613
06/02/2021,1.613,1.621,1.587,1.588
06/03/2021,1.588,1.633,1.584,1.625
06/04/2021,1.625,1.638,1.548,1.554
06/07/2021,1.554,1.585,1.554,1.573
06/08/2021,1.573,1.573,1.515,1.543
06/09/2021,1.543,1.543,1.47,1.49
06/10/2021,1.49,1.533,1.44,1.441
06/11/2021,1.441,1.473,1.428,1.453
06/14/21,1.453,1.507,1.453,1.498
06/15/21,1.498,1.516,1.48,1.498
06/16/21,1.498,1.585,1.481,1.58
06/17/21,1.58,1.595,1.446,1.509
06/18/21,1.509,1.525,1.431,1.438
06/21/21,1.438,1.502,1.351,1.499
06/22/21,1.499,1.519,1.463,1.467
06/23/21,1.467,1.496,1.462,1.486
06/24/21,1.486,1.506,1.473,1.493
06/25/21,1.493,1.556,1.482,1.528
06/28/21,1.528,1.536,1.466,1.478
06/29/21,1.478,1.51,1.47,1.472
06/30/21,1.472,1.484,1.436,1.469
07/01/2021,1.469,1.482,1.449,1.455
07/02/2021,1.455,1.472,1.426,1.437
07/04/2021,1.437,1.437,1.437,1.437
07/06/2021,1.437,1.449,1.349,1.351
07/07/2021,1.351,1.372,1.288,1.319
07/08/2021,1.319,1.323,1.246,1.298
07/09/2021,1.298,1.363,1.298,1.36
07/12/2021,1.36,1.378,1.324,1.365
07/13/21,1.365,1.437,1.331,1.423
07/14/21,1.423,1.423,1.338,1.345
07/15/21,1.345,1.351,1.295,1.299
07/16/21,1.299,1.341,1.293,1.294
07/19/21,1.294,1.295,1.182,1.194
07/20/21,1.194,1.225,1.133,1.224
07/21/21,1.224,1.302,1.194,1.292
07/22/21,1.292,1.319,1.229,1.28
07/23/21,1.28,1.312,1.271,1.276
07/26/21,1.276,1.301,1.221,1.297
07/27/21,1.297,1.297,1.231,1.247
07/28/21,1.247,1.273,1.226,1.234
07/29/21,1.234,1.289,1.231,1.272
07/30/21,1.272,1.272,1.226,1.228
08/02/2021,1.228,1.246,1.146,1.178
08/03/2021,1.178,1.2,1.154,1.175
08/04/2021,1.175,1.215,1.132,1.184
08/05/2021,1.184,1.227,1.168,1.224
08/06/2021,1.224,1.31,1.222,1.303
08/09/2021,1.303,1.328,1.268,1.323
08/10/2021,1.323,1.364,1.306,1.357
08/11/2021,1.357,1.379,1.306,1.337
08/12/2021,1.337,1.38,1.336,1.362
08/13/21,1.362,1.366,1.285,1.286
08/16/21,1.286,1.288,1.24,1.276
08/17/21,1.276,1.276,1.219,1.264
08/18/21,1.264,1.299,1.257,1.262
08/19/21,1.262,1.268,1.222,1.246
08/20/21,1.246,1.263,1.227,1.261
08/23/21,1.261,1.282,1.233,1.252
08/24/21,1.252,1.295,1.252,1.295
08/25/21,1.295,1.349,1.286,1.349
08/26/21,1.349,1.369,1.332,1.357
08/27/21,1.357,1.359,1.304,1.314
08/30/21,1.305,1.318,1.276,1.28
08/31/21,1.28,1.309,1.268,1.308
09/01/2021,1.308,1.337,1.291,1.3
09/02/2021,1.3,1.305,1.286,1.289
09/03/2021,1.289,1.335,1.284,1.326
09/05/2021,1.326,1.326,1.326,1.326
09/07/2021,1.326,1.383,1.326,1.373
09/08/2021,1.373,1.377,1.338,1.344
09/09/2021,1.344,1.347,1.292,1.303
09/10/2021,1.303,1.344,1.3,1.341
09/13/21,1.34,1.35,1.313,1.326
09/14/21,1.326,1.348,1.274,1.291
09/15/21,1.291,1.319,1.263,1.301
09/16/21,1.301,1.351,1.295,1.335
09/17/21,1.335,1.384,1.328,1.371
09/20/21,1.371,1.371,1.303,1.313
09/21/21,1.313,1.347,1.306,1.325
09/22/21,1.325,1.344,1.296,1.311
09/23/21,1.311,1.435,1.307,1.435
09/24/21,1.435,1.463,1.406,1.454
09/27/21,1.454,1.512,1.445,1.485
09/28/21,1.485,1.562,1.48,1.541
09/29/21,1.541,1.559,1.499,1.521
09/30/21,1.521,1.555,1.486,1.487
10/01/2021,1.487,1.509,1.462,1.463
10/04/2021,1.463,1.508,1.455,1.482
10/05/2021,1.482,1.539,1.477,1.529
10/06/2021,1.529,1.572,1.51,1.524
10/07/2021,1.524,1.578,1.517,1.577
10/08/2021,1.577,1.615,1.559,1.613
10/10/2021,1.613,1.613,1.613,1.613
10/12/2021,1.613,1.63,1.568,1.575
10/13/21,1.575,1.603,1.529,1.539
10/14/21,1.539,1.562,1.511,1.516
10/15/21,1.516,1.579,1.516,1.575
10/18/21,1.575,1.627,1.575,1.596
10/19/21,1.596,1.643,1.567,1.639
10/20/21,1.639,1.67,1.62,1.66
10/21/21,1.66,1.702,1.643,1.702
10/22/21,1.702,1.702,1.633,1.636
10/25/21,1.636,1.672,1.623,1.635
10/26/21,1.635,1.652,1.608,1.61
10/27/21,1.61,1.635,1.521,1.549
10/28/21,1.549,1.581,1.534,1.579
10/29/21,1.579,1.623,1.536,1.56
11/01/2021,1.56,1.601,1.555,1.562
11/02/2021,1.562,1.575,1.53,1.553
11/03/2021,1.553,1.608,1.523,1.606
11/04/2021,1.606,1.607,1.511,1.584
11/05/2021,1.529,1.554,1.438,1.453
11/08/2021,1.453,1.504,1.453,1.492
11/09/2021,1.492,1.492,1.418,1.441
11/10/2021,1.441,1.577,1.441,1.554
11/12/2021,1.554,1.586,1.541,1.566
11/15/21,1.566,1.632,1.541,1.584
11/16/21,1.622,1.647,1.595,1.64
11/17/21,1.64,1.651,1.586,1.592
11/18/21,1.592,1.613,1.578,1.608
11/19/21,1.59,1.606,1.516,1.549
11/22/21,1.549,1.637,1.549,1.538
11/23/21,1.63,1.682,1.619,1.631
11/24/21,1.669,1.697,1.63,1.666
11/25/21,1.641,1.641,1.641,1.641
11/26/21,1.641,1.641,1.479,1.479
11/29/21,1.479,1.564,1.479,1.5
11/30/21,1.5,1.524,1.415,1.45
12/01/2021,1.45,1.505,1.404,1.408
12/02/2021,1.408,1.466,1.408,1.447
12/03/2021,1.447,1.468,1.341,1.357
12/06/2021,1.357,1.442,1.357,1.435
12/07/2021,1.435,1.484,1.428,1.476
12/08/2021,1.476,1.532,1.427,1.479
12/09/2021,1.526,1.534,1.473,1.502
12/10/2021,1.502,1.518,1.451,1.486
12/13/21,1.486,1.508,1.411,1.414
12/14/21,1.414,1.47,1.414,1.446
12/15/21,1.446,1.479,1.426,1.457
12/16/21,1.457,1.48,1.417,1.417
12/17/21,1.417,1.435,1.374,1.407
12/20/21,1.407,1.431,1.354,1.428
12/21/21,1.428,1.498,1.414,1.461
12/22/21,1.461,1.486,1.448,1.455
12/23/21,1.455,1.5,1.454,1.495
12/27/21,1.495,1.495,1.476,1.479
12/28/21,1.479,1.492,1.456,1.486
12/29/21,1.486,1.561,1.47,1.557
12/30/21,1.557,1.557,1.503,1.51
12/31/21,1.51,1.525,1.5,1.514
01/03/2022,1.514,1.641,1.514,1.631
01/04/2022,1.631,1.688,1.616,1.653
01/05/2022,1.653,1.711,1.639,1.706
01/06/2022,1.706,1.751,1.688,1.724
01/07/2022,1.724,1.801,1.71,1.767
01/10/2022,1.767,1.809,1.76,1.766
01/11/2022,1.766,1.782,1.738,1.742
01/12/2022,1.742,1.754,1.711,1.746
01/13/22,1.746,1.762,1.694,1.703
01/14/22,1.703,1.795,1.703,1.792
01/16/22,1.792,1.792,1.792,1.792
01/18/22,1.792,1.879,1.792,1.876
01/19/22,1.876,1.9,1.826,1.869
01/20/22,1.869,1.869,1.807,1.81
01/21/22,1.81,1.81,1.735,1.763
01/24/22,1.763,1.784,1.71,1.771
01/25/22,1.771,1.794,1.733,1.776
01/26/22,1.776,1.877,1.768,1.869
01/27/22,1.869,1.869,1.784,1.804
01/28/22,1.804,1.85,1.77,1.771
01/31/22,1.771,1.812,1.77,1.781
02/01/2022,1.781,1.821,1.74,1.792
02/02/2022,1.792,1.811,1.745,1.779
02/03/2022,1.779,1.849,1.758,1.839
02/04/2022,1.839,1.938,1.81,1.913
02/07/2022,1.913,1.94,1.894,1.921
02/08/2022,1.921,1.971,1.921,1.964
02/09/2022,1.964,1.964,1.909,1.947
02/10/2022,1.947,2.057,1.921,2.033
02/11/2022,2.033,2.064,1.913,1.943
02/14/22,1.943,2.029,1.906,1.988
02/15/22,1.988,2.057,1.97,2.048
02/16/22,2.048,2.065,2.005,2.042
02/17/22,2.042,2.042,1.959,1.964
02/18/22,1.964,1.995,1.921,1.928
02/21/22,1.928,1.928,1.928,1.928
02/22/22,1.928,1.962,1.849,1.944
02/23/22,1.944,1.999,1.942,1.997
02/24/22,1.997,1.997,1.847,1.971
02/25/22,1.971,2.018,1.935,1.969
02/28/22,1.969,1.969,1.822,1.828
03/01/2022,1.828,1.867,1.683,1.725
03/02/2022,1.725,1.893,1.704,1.878
03/03/2022,1.878,1.895,1.83,1.845
03/04/2022,1.845,1.851,1.699,1.732
03/07/2022,1.732,1.804,1.678,1.772
03/08/2022,1.772,1.877,1.76,1.848
03/09/2022,1.848,1.955,1.839,1.955
03/10/2022,1.955,2.021,1.922,1.994
03/11/2022,1.994,2.025,1.962,1.998
03/14/22,1.998,2.147,1.998,2.144
03/15/22,2.144,2.166,2.079,2.148
03/16/22,2.148,2.248,2.137,2.196
03/17/22,2.196,2.215,2.11,2.177
03/18/22,2.177,2.186,2.137,2.153
03/21/22,2.153,2.321,2.152,2.294
03/22/22,2.294,2.39,2.291,2.385
03/23/22,2.385,2.418,2.287,2.295
03/24/22,2.295,2.399,2.295,2.375
03/25/22,2.375,2.503,2.345,2.479
03/28/22,2.479,2.547,2.416,2.465
03/29/22,2.465,2.531,2.384,2.401
03/30/22,2.401,2.431,2.341,2.354
03/31/22,2.354,2.361,2.313,2.339
04/01/2022,2.339,2.454,2.339,2.385
04/04/2022,2.385,2.431,2.374,2.405
04/05/2022,2.405,2.565,2.387,2.554
04/06/2022,2.554,2.66,2.554,2.599
04/07/2022,2.599,2.669,2.559,2.615
04/08/2022,2.664,2.728,2.627,2.659
04/11/2022,2.71,2.792,2.71,2.782
04/12/2022,2.782,2.834,2.678,2.777
04/13/22,2.73,2.79,2.655,2.698
04/14/22,2.698,2.834,2.654,2.828
04/15/22,2.83,2.83,2.83,2.83
04/18/22,2.83,2.882,2.816,2.861
04/19/22,2.861,2.946,2.838,2.941
04/20/22,2.941,2.978,2.828,2.84
04/21/22,2.84,2.956,2.837,2.911
04/22/22,2.911,2.97,2.868,2.896
04/25/22,2.896,2.896,2.761,2.828
04/26/22,2.896,2.862,2.725,2.73
04/27/22,2.73,2.838,2.719,2.834
04/28/22,2.834,2.886,2.799,2.826
04/29/22,2.826,2.937,2.826,2.934
05/02/2022,2.934,3.009,2.906,2.981
05/03/2022,2.981,3.013,2.912,2.969
05/04/2022,2.969,3.008,2.91,2.937
05/05/2022,2.937,3.106,2.929,3.068
05/06/2022,3.043,3.148,3.042,3.13
05/09/2022,3.14,3.208,3.028,3.128
05/10/2022,3.04,3.066,2.945,3.082
05/11/2022,2.994,3.082,2.907,3.001
05/12/2022,2.931,2.931,2.816,2.852
05/13/22,2.852,2.943,2.852,2.918
05/16/22,2.918,2.952,2.855,2.932
05/17/22,2.883,2.996,2.879,2.879
05/18/22,2.99,3.011,2.88,2.97
05/19/22,2.889,2.92,2.778,2.893
05/20/22,2.846,2.879,2.779,2.854
05/23/22,2.785,2.869,2.785,2.854
05/24/22,2.854,2.863,2.724,2.754
05/25/22,2.754,2.773,2.717,2.751
05/26/22,2.751,2.794,2.707,2.744
05/27/22,2.751,2.768,2.716,2.745
05/30/22,2.745,2.745,2.745,2.745
05/31/22,2.745,2.88,2.745,2.853
06/01/2022,2.853,2.956,2.842,2.914
06/02/2022,2.914,2.957,2.891,2.912
06/03/2022,2.912,2.986,2.902,2.94
06/06/2022,2.94,3.064,2.932,3.049
06/07/2022,3.049,3.062,2.963,2.983
06/08/2022,2.983,3.039,2.983,3.022
06/09/2022,3.022,3.072,3.01,3.046
06/10/2022,3.046,3.172,3.018,3.163
06/13/22,3.163,3.439,3.037,3.364
06/14/22,3.364,3.501,3.266,3.48
06/15/22,3.48,3.48,3.288,3.289
06/16/22,3.289,3.483,3.187,3.201
06/17/22,3.201,3.312,3.201,3.236
